district,racetype,incumbent,incumbent_party,incumbent_retiring,hete_democrat,hete_republican,democrat_1,democrat_1_probability,democrat_2,democrat_2_probability,democrat_3,democrat_3_probability,democrat_4,democrat_4_probability,democrat_5,democrat_5_probability,democrat_6,democrat_6_probability,republican_1,republican_1_probability,republican_2,republican_2_probability,republican_3,republican_3_probability,republican_4,republican_4_probability,republican_5,republican_5_probability,republican_6,republican_6_probability,independent_1,independent_2,independent_3,independent_4
AK_001,house,,,,Democrat Al Gross,Republican Sarah Palin,A Democratic Candidate,0.2,Democrat Chris Constant,0.2,Democrat Al Gross,0.6,,,,,,,A Republican Candidate,0.1,Republican Nick Begich III,0.2,Republican Josh Revak,0.2,Republican Sarah Palin,0.5,,,,,,,,
AL_001,house,Republican Jerry Carl,R,,Democrat James Averhart,Republican Jerry Carl,A Democratic Candidate,1,Democrat James Averhart,0,,,,,,,,,A Republican Candidate,0,Republican Jerry Carl,1,,,,,,,,,,,,
AL_002,house,Republican Barry Moore,R,,Democrat Phyllis Harvey-Hall,Republican Barry Moore,A Democratic Candidate,0,Democrat Phyllis Harvey-Hall,1,,,,,,,,,A Republican Candidate,0,Republican Barry Moore,1,,,,,,,,,,,,
AL_003,house,Republican Mike Rogers,R,,Democrat Lin Veasey,Republican Mike Rogers,A Democratic Candidate,0,Democrat Lin Veasey,1,,,,,,,,,A Republican Candidate,0,Republican Mike Rogers,1,,,,,,,,,,,,
AL_004,house,Republican Robert Aderholt,R,,Democrat Ricky Neighbors,Republican Robert Aderholt,A Democratic Candidate,0,Democrat Ricky Neighbors,1,,,,,,,,,A Republican Candidate,0,Republican Robert Aderholt,1,,,,,,,,,,,,
AL_005,house,Republican Mo Brooks,R,1,Democrat Kathy Warner-Stanton,Republican Dale Strong,A Democratic Candidate,0,Democrat Kathy Warner-Stanton,1,,,,,,,,,A Republican Candidate,0.1,Republican Dale Strong,0.45,Republican Casey Wardynski,0.45,,,,,,,,,,
AL_006,house,Republican Gary Palmer,R,,Democrat Danner Kline,Republican Gary Palmer,A Democratic Candidate,1,Democrat Danner Kline,0,,,,,,,,,A Republican Candidate,0,Republican Gary Palmer,1,,,,,,,,,,,,
AL_007,house,Democrat Terri Sewell,D,,Democrat Terri Sewell,Republican Beatrice Nichols,A Democratic Candidate,0,Democrat Terri Sewell,1,,,,,,,,,A Republican Candidate,0,Republican Beatrice Nichols,1,,,,,,,,,,,,
AR_001,house,Republican Rick Crawford,R,,Democrat Monte Hodges,Republican Rick Crawford,A Democratic Candidate,0,Democrat Monte Hodges,1,,,,,,,,,A Republican Candidate,0,Republican Rick Crawford,1,,,,,,,,,,,,
AR_002,house,Republican J. Hill,R,,Democrat Quintessa Hathaway,Republican J. Hill,A Democratic Candidate,0,Democrat Quintessa Hathaway,1,,,,,,,,,A Republican Candidate,0,Republican J. Hill,1,,,,,,,,,,,,
AR_003,house,Republican Steve Womack,R,,Democrat Lauren Hays,Republican Steve Womack,A Democratic Candidate,0,Democrat Lauren Hays,1,,,,,,,,,A Republican Candidate,0,Republican Steve Womack,1,,,,,,,,,,,,
AR_004,house,Republican Bruce Westerman,R,,Democrat John White,Republican Bruce Westerman,A Democratic Candidate,0,Democrat John White,1,,,,,,,,,A Republican Candidate,0,Republican Bruce Westerman,1,,,,,,,,,,,,
AZ_001,house,Republican David Schweikert,R,,Democrat Jevin Hodge,Republican David Schweikert,A Democratic Candidate,0.2,Democrat Jevin Hodge,0.3,Democrat Adam Metzendorf,0.1,Democrat Ginger Sykes Torres,0.2,Democrat Delina DiSanto,0.2,,,A Republican Candidate,0.2,Republican David Schweikert,0.7,Republican Elijah Norton,0.1,,,,,,,,,,
AZ_002,house,Democrat Tom O’Halleran,D,1,Democrat Tom O'Halleran,Republican Walt Blackman,A Democratic Candidate,0.3,Democrat Tom O'Halleran,0.7,,,,,,,,,A Republican Candidate,0.5,Republican Walt Blackman,0.2,Republican Eli Crane,0.2,Republican Ron Watkins,0.1,,,,,,,,
AZ_003,house,Democrat Ruben Gallego,D,,Democrat Ruben Gallego,Republican Nina Becker,A Democratic Candidate,0.2,Democrat Ruben Gallego,0.8,,,,,,,,,A Republican Candidate,0.8,Republican Nina Becker,0.2,,,,,,,,,,,,
AZ_004,house,Democrat Greg Stanton,D,,Democrat Greg Stanton,Republican Tanya Wheeless,A Democratic Candidate,0.2,Democrat Greg Stanton,0.8,,,,,,,,,A Republican Candidate,0.8,Republican Tanya Wheeless,0.2,,,,,,,,,,,,
AZ_005,house,Republican Andy Biggs,R,,Democrat Joan Greene,Republican Andy Biggs,A Democratic Candidate,0.8,Democrat Joan Greene,0.2,,,,,,,,,A Republican Candidate,0.2,Republican Andy Biggs,0.8,,,,,,,,,,,,
AZ_006,house,Democrat Ann Kirkpatrick,D,1,Democrat Kirsten Engel,Republican Juan Ciscomani,A Democratic Candidate,0.4,Democrat Kirsten Engel,0.3,Democrat Daniel Hernandez,0.3,,,,,,,A Republican Candidate,0.8,Republican Juan Ciscomani,0.2,,,,,,,,,,,,
AZ_007,house,Democrat Raúl Grijalva,D,,Democrat Raúl Grijalva,Republican Jeffrey Zink,A Democratic Candidate,0.2,Democrat Raúl Grijalva,0.8,,,,,,,,,A Republican Candidate,0.8,Republican Jeffrey Zink,0.2,,,,,,,,,,,,
AZ_008,house,Republican Debbie Lesko,R,,Democrat Michael Muscato,Republican Debbie Lesko,A Democratic Candidate,0.8,Democrat Michael Muscato,0.2,,,,,,,,,A Republican Candidate,0.2,Republican Debbie Lesko,0.8,,,,,,,,,,,,
AZ_009,house,Republican Paul Gosar,R,,Democrat Judith Stahl,Republican Paul Gosar,A Democratic Candidate,0.6,Democrat Judith Stahl,0.4,,,,,,,,,A Republican Candidate,0.2,Republican Paul Gosar,0.8,,,,,,,,,,,,
CA_001,house,Republican Doug LaMalfa,R,,Democrat Max Steiner,Republican Doug LaMalfa,A Democratic Candidate,0.8,Democrat Max Steiner,0.2,,,,,,,,,A Republican Candidate,0.2,Republican Doug LaMalfa,0.8,,,,,,,,,,,,
CA_002,house,Democrat Jared Huffman,D,,Democrat Jared Huffman,Republican Aaron Smith,A Democratic Candidate,0.2,Democrat Jared Huffman,0.8,,,,,,,,,A Republican Candidate,0.8,Republican Aaron Smith,0.2,,,,,,,,,,,,
CA_003,house,Republican Devin Nunes,R,1,Democrat Kermit Jones,Republican Kevin Kiley,A Democratic Candidate,0.8,Democrat Kermit Jones,0.2,,,,,,,,,A Republican Candidate,0.6,Republican Kevin Kiley,0.2,Republican Scott Jones,0.2,,,,,,,,,,
CA_004,house,Democrat Mike Thompson,D,,Democrat Mike Thompson,Republican Seth Newman,A Democratic Candidate,0.2,Democrat Mike Thompson,0.8,,,,,,,,,A Republican Candidate,0.8,Republican Seth Newman,0.2,,,,,,,,,,,,
CA_005,house,Republican Tom McClintock,R,,Democrat Michael Barkley,Republican Tom McClintock,A Democratic Candidate,0.8,Democrat Michael Barkley,0.2,,,,,,,,,A Republican Candidate,0.2,Republican Tom McClintock,0.7,Republican Nathan Magsig,0.1,,,,,,,,,,
CA_006,house,Democrat Ami Bera,D,,Democrat Ami Bera,Republican David Langford,A Democratic Candidate,0.2,Democrat Ami Bera,0.8,,,,,,,,,A Republican Candidate,0.8,Republican David Langford,0.2,,,,,,,,,,,,
CA_007,house,Democrat Doris Matsui,D,,Democrat Doris Matsui,Republican Max Semenenko,A Democratic Candidate,0.2,Democrat Doris Matsui,0.8,,,,,,,,,A Republican Candidate,0.8,Republican Max Semenenko,0.2,,,,,,,,,,,,
CA_008,house,Democrat John Garamendi,D,,Democrat John Garamendi,Republican Tamika Hamilton,A Democratic Candidate,0.2,Democrat John Garamendi,0.8,,,,,,,,,A Republican Candidate,1,Republican Tamika Hamilton,0,,,,,,,,,,,,
CA_009,house,Democrat Jerry McNerney,D,1,Democrat Josh Harder,Republican Joe Patti,A Democratic Candidate,0.2,Democrat Josh Harder,0.8,,,,,,,,,A Republican Candidate,0.4,Republican Joe Patti,0.2,Republican Heath Flora,0.2,Republican Steven Cheung,0.2,,,,,,,,
CA_010,house,Democrat Mark DeSaulnier,D,,Democrat Mark DeSaulnier,Republican Ricky Gill,A Democratic Candidate,0.2,Democrat Mark DeSaulnier,0.8,,,,,,,,,A Republican Candidate,0.8,Republican Ricky Gill,0.2,,,,,,,,,,,,
CA_011,house,Democrat Nancy Pelosi,D,,Democrat Nancy Pelosi,Republican Lisa Remmer,A Democratic Candidate,0.2,Democrat Nancy Pelosi,0.8,,,,,,,,,A Republican Candidate,1,Republican Lisa Remmer,0,,,,,,,,,,,,
CA_012,house,Democrat Barbara Lee,D,,Democrat Barbara Lee,Republican Greg Lentz,A Democratic Candidate,0.2,Democrat Barbara Lee,0.8,,,,,,,,,A Republican Candidate,0.8,Republican Greg Lentz,0.2,,,,,,,,,,,,
CA_013,house,Democrat Josh Harder,D,,Democrat Adam Gray,Republican John Duarte,A Democratic Candidate,0.5,Democrat Adam Gray,0.3,Democrat Phil Arballo,0.2,,,,,,,A Republican Candidate,0.4,Republican John Duarte,0.2,Republican David Giglio,0.2,Republican Elizabeth Heng,0.2,,,,,,,,
CA_014,house,Democrat Eric Swalwell,D,,Democrat Eric Swalwell,Republican Alison Hayden,A Democratic Candidate,0.2,Democrat Eric Swalwell,0.8,,,,,,,,,A Republican Candidate,1,Republican Alison Hayden,0,,,,,,,,,,,,
CA_015,house,Democrat Jackie Speier,D,1,Democrat David Canepa,Republican Gus Mattamal,A Democratic Candidate,0.2,Democrat Kevin Mullin,0.2,Democrat Josh Becker,0.2,Democrat David Canepa,0.3,Democrat Emily Beach,0.1,,,A Republican Candidate,0.8,Republican Gus Mattamal,0.2,,,,,,,,,,,,
CA_016,house,Democrat Anna Eshoo,D,,Democrat Anna Eshoo,Republican Nathan Brown,A Democratic Candidate,0.2,Democrat Anna Eshoo,0.8,,,,,,,,,A Republican Candidate,0.8,Republican Nathan Brown,0.2,,,,,,,,,,,,
CA_017,house,Democrat Ro Khanna,D,,Democrat Ro Khanna,Republican Ritesh Tandon,A Democratic Candidate,0.2,Democrat Ro Khanna,0.8,,,,,,,,,A Republican Candidate,1,Republican Ritesh Tandon,0,,,,,,,,,,,,
CA_018,house,Democrat Zoe Lofgren,D,,Democrat Zoe Lofgren,Republican Justin Aguilera,A Democratic Candidate,0.2,Democrat Zoe Lofgren,0.8,,,,,,,,,A Republican Candidate,1,Republican Justin Aguilera,0,,,,,,,,,,,,
CA_019,house,Democrat Jimmy Panetta,D,,Democrat Jimmy Panetta,Republican Jeff Gorman,A Democratic Candidate,0.2,Democrat Jimmy Panetta,0.8,,,,,,,,,A Republican Candidate,1,Republican Jeff Gorman,0,,,,,,,,,,,,
CA_020,house,Republican Kevin McCarthy,R,,Democrat Ben Dewell,Republican Kevin McCarthy,A Democratic Candidate,0.8,Democrat Ben Dewell,0.2,,,,,,,,,A Republican Candidate,0.2,Republican Kevin McCarthy,0.8,,,,,,,,,,,,
CA_021,house,Democrat Jim Costa,D,,Democrat Jim Costa,Republican Martha Flores-Gibson,A Democratic Candidate,0.2,Democrat Jim Costa,0.8,,,,,,,,,A Republican Candidate,0.8,Republican Martha Flores-Gibson,0.2,,,,,,,,,,,,
CA_022,house,Republican David Valadao,R,,Democrat Rudy Salas,Republican David Valadao,A Democratic Candidate,0.3,Democrat Angel Lara,0.1,Democrat Rudy Salas,0.6,,,,,,,A Republican Candidate,0.2,Republican David Valadao,0.8,,,,,,,,,,,,
CA_023,house,Republican Jay Obernolte,R,,Democrat Bruno Amato,Republican Jay Obernolte,A Democratic Candidate,0.8,Democrat Bruno Amato,0.2,,,,,,,,,A Republican Candidate,0.2,Republican Jay Obernolte,0.8,,,,,,,,,,,,
CA_024,house,Democrat Salud Carbajal,D,,Democrat Salud Carbajal,Republican Gurpinder Singh Sagoo,A Democratic Candidate,0.2,Democrat Salud Carbajal,0.8,,,,,,,,,A Republican Candidate,0.8,Republican Gurpinder Singh Sagoo,0.2,,,,,,,,,,,,
CA_025,house,Democrat Raul Ruiz,D,,Democrat Raul Ruiz,Republican Ceci Truman,A Democratic Candidate,0.2,Democrat Raul Ruiz,0.8,,,,,,,,,A Republican Candidate,0.8,Republican Ceci Truman,0.2,,,,,,,,,,,,
CA_026,house,Democrat Julia Brownley,D,,Democrat Julia Brownley,Republican Ronda Baldwin-Kennedy,A Democratic Candidate,0.2,Democrat Julia Brownley,0.8,,,,,,,,,A Republican Candidate,0.8,Republican Ronda Baldwin-Kennedy,0.2,,,,,,,,,,,,
CA_027,house,Republican Mike Garcia,R,,Democrat Christy Smith,Republican Mike Garcia,A Democratic Candidate,0.5,Democrat Christy Smith,0.3,Democrat Ruth Luevanos,0.1,Democrat Quaye Quartey,0.1,,,,,A Republican Candidate,0.2,Republican Mike Garcia,0.8,,,,,,,,,,,,
CA_028,house,Democrat Judy Chu,D,,Democrat Judy Chu,Republican Daniel Bocic Martinez,A Democratic Candidate,0.2,Democrat Judy Chu,0.8,,,,,,,,,A Republican Candidate,0.8,Republican Daniel Bocic Martinez,0.2,,,,,,,,,,,,
CA_029,house,Democrat Tony Cárdenas,D,,Democrat Tony Cárdenas,Republican Bernito Bernal,A Democratic Candidate,0.2,Democrat Tony Cárdenas,0.8,,,,,,,,,A Republican Candidate,1,Republican Bernito Bernal,0,,,,,,,,,,,,
CA_030,house,Democrat Adam Schiff,D,,Democrat Adam Schiff,Republican Patrick Gipson,A Democratic Candidate,0.2,Democrat Adam Schiff,0.8,,,,,,,,,A Republican Candidate,0.8,Republican Patrick Gipson,0.2,,,,,,,,,,,,
CA_031,house,Democrat Grace Napolitano,D,,Democrat Grace Napolitano,Republican Carolyn Covell,A Democratic Candidate,0.2,Democrat Grace Napolitano,0.8,,,,,,,,,A Republican Candidate,0.8,Republican Carolyn Covell,0.2,,,,,,,,,,,,
CA_032,house,Democrat Brad Sherman,D,,Democrat Brad Sherman,Republican Mark Reed,A Democratic Candidate,0.2,Democrat Brad Sherman,0.8,,,,,,,,,A Republican Candidate,1,Republican Mark Reed,0,,,,,,,,,,,,
CA_033,house,Democrat Pete Aguilar,D,,Democrat Pete Aguilar,Republican Derrick Gates,A Democratic Candidate,0.2,Democrat Pete Aguilar,0.8,,,,,,,,,A Republican Candidate,0.8,Republican Derrick Gates,0.2,,,,,,,,,,,,
CA_034,house,Democrat Jimmy Gomez,D,,Democrat Jimmy Gomez,Republican Stephen Smith,A Democratic Candidate,0.2,Democrat Jimmy Gomez,0.5,Democrat David Kim,0.3,,,,,,,A Republican Candidate,1,Republican Stephen Smith,0,,,,,,,,,,,,
CA_035,house,Democrat Norma Torres,D,,Democrat Norma Torres,Republican Rafael Carcamo,A Democratic Candidate,0.2,Democrat Norma Torres,0.8,,,,,,,,,A Republican Candidate,0.8,Republican Rafael Carcamo,0.2,,,,,,,,,,,,
CA_036,house,Democrat Ted Lieu,D,,Democrat Ted Lieu,Republican James Francis Gibson,A Democratic Candidate,0.2,Democrat Ted Lieu,0.8,,,,,,,,,A Republican Candidate,0.8,Republican James Francis Gibson,0.2,,,,,,,,,,,,
CA_037,house,Democrat Karen Bass,D,1,Democrat Jan Perry,Republican Baltazar Fedalizo,A Democratic Candidate,0.4,Democrat Sydney Kamlager,0.2,Democrat Jan Perry,0.3,Democrat Daniel Lee,0.1,,,,,A Republican Candidate,0.8,Republican Baltazar Fedalizo,0.2,,,,,,,,,,,,
CA_038,house,Democrat Linda Sánchez,D,,Democrat Linda Sánchez,Republican Mitch Clemmons,A Democratic Candidate,0.2,Democrat Linda Sánchez,0.8,,,,,,,,,A Republican Candidate,0.8,Republican Mitch Clemmons,0.2,,,,,,,,,,,,
CA_039,house,Democrat Mark Takano,D,,Democrat Mark Takano,Republican Eric Ching,A Democratic Candidate,0.2,Democrat Mark Takano,0.8,,,,,,,,,A Republican Candidate,0.8,Republican Eric Ching,0.2,,,,,,,,,,,,
CA_040,house,Republican Young Kim,R,,Democrat Asif Mahmood,Republican Young Kim,A Democratic Candidate,0.6,Democrat Asif Mahmood,0.4,,,,,,,,,A Republican Candidate,0.2,Republican Young Kim,0.7,Republican Greg Raths,0.1,,,,,,,,,,
CA_041,house,Republican Ken Calvert,R,,Democrat Will Rollins,Republican Ken Calvert,A Democratic Candidate,0.7,Democrat Will Rollins,0.3,,,,,,,,,A Republican Candidate,0.2,Republican Ken Calvert,0.8,,,,,,,,,,,,
CA_042,house,Democrat Lucille Roybal-Allard,D,1,Democrat Robert Garcia,Republican Joe Collins,A Democratic Candidate,0.6,Democrat Robert Garcia,0.2,Democrat Cristina Garcia,0.2,,,,,,,A Republican Candidate,0.8,Republican Joe Collins,0.2,,,,,,,,,,,,
CA_043,house,Democrat Maxine Waters,D,,Democrat Maxine Waters,Republican Joe Collins,A Democratic Candidate,0.2,Democrat Maxine Waters,0.8,,,,,,,,,A Republican Candidate,1,Republican Joe Collins,0,,,,,,,,,,,,
CA_044,house,Democrat Nanette Barragán,D,,Democrat Nanette Barragán,Republican Craig Huey,A Democratic Candidate,0.2,Democrat Nanette Barragán,0.8,,,,,,,,,A Republican Candidate,1,Republican Craig Huey,0,,,,,,,,,,,,
CA_045,house,Republican Michelle Steel,R,,Democrat Harley Rouda,Republican Michelle Steel,A Democratic Candidate,0.25,Democrat Harley Rouda,0.6,Democrat Jay Chen,0.15,,,,,,,A Republican Candidate,0.2,Republican Michelle Steel,0.8,,,,,,,,,,,,
CA_046,house,Democrat J. Correa,D,,Democrat J. Correa,Republican James Waters,A Democratic Candidate,0.2,Democrat J. Correa,0.8,,,,,,,,,A Republican Candidate,1,Republican James Waters,0,,,,,,,,,,,,
CA_047,house,Democrat Katie Porter,D,,Democrat Katie Porter,Republican Scott Baugh,A Democratic Candidate,0.2,Democrat Katie Porter,0.8,,,,,,,,,A Republican Candidate,0.7,Republican Scott Baugh,0.3,,,,,,,,,,,,
CA_048,house,Republican Darrell Issa,R,,Democrat Mari Barosay,Republican Darrell Issa,A Democratic Candidate,0.8,Democrat Mari Barosay,0.2,,,,,,,,,A Republican Candidate,0.2,Republican Darrell Issa,0.8,,,,,,,,,,,,
CA_049,house,Democrat Mike Levin,D,,Democrat Mike Levin,Republican Lisa Bartlett,A Democratic Candidate,0.2,Democrat Mike Levin,0.8,,,,,,,,,A Republican Candidate,0.3,Republican Brian Maryott,0.25,Republican Christopher Rodriguez,0.15,Republican Lisa Bartlett,0.3,,,,,,,,
CA_050,house,Democrat Scott Peters,D,,Democrat Scott Peters,Republican Jim DeBello,A Democratic Candidate,0.2,Democrat Scott Peters,0.8,,,,,,,,,A Republican Candidate,1,Republican Jim DeBello,0,,,,,,,,,,,,
CA_051,house,Democrat Sara Jacobs,D,,Democrat Sara Jacobs,Republican Stan Caplan,A Democratic Candidate,0.2,Democrat Sara Jacobs,0.8,,,,,,,,,A Republican Candidate,0.8,Republican Stan Caplan,0.2,,,,,,,,,,,,
CA_052,house,Democrat Juan Vargas,D,,Democrat Juan Vargas,Republican Richard Bailey,A Democratic Candidate,0.2,Democrat Juan Vargas,0.8,,,,,,,,,A Republican Candidate,0.8,Republican Richard Bailey,0.2,,,,,,,,,,,,
CO_001,house,Democrat Diana DeGette,D,,Democrat Diana DeGette,Republican Shane Bolling,A Democratic Candidate,0.2,Democrat Diana DeGette,0.8,,,,,,,,,A Republican Candidate,1,Republican Shane Bolling,0,,,,,,,,,,,,
CO_002,house,Democrat Joe Neguse,D,,Democrat Joe Neguse,Republican Charle Winn,A Democratic Candidate,0.2,Democrat Joe Neguse,0.8,,,,,,,,,A Republican Candidate,1,Republican Charle Winn,0,,,,,,,,,,,,
CO_003,house,Republican Lauren Boebert,R,,Democrat Donald Valdez,Republican Lauren Boebert,A Democratic Candidate,0.6,Democrat Sol Sandoval,0.1,Democrat Debbie Burnett,0.1,Democrat Donald Valdez,0.2,,,,,A Republican Candidate,0.2,Republican Lauren Boebert,0.7,Republican Don Coram,0.1,,,,,,,,,,
CO_004,house,Republican Ken Buck,R,,Democrat Isaac McCorkle,Republican Ken Buck,A Democratic Candidate,0.8,Democrat Isaac McCorkle,0.2,,,,,,,,,A Republican Candidate,0.2,Republican Ken Buck,0.8,,,,,,,,,,,,
CO_005,house,Republican Doug Lamborn,R,,Democrat Michael Colombe,Republican Doug Lamborn,A Democratic Candidate,0.8,Democrat Michael Colombe,0.2,,,,,,,,,A Republican Candidate,0.2,Republican Doug Lamborn,0.7,Republican Dave Williams,0.1,,,,,,,,,,
CO_006,house,Democrat Jason Crow,D,,Democrat Jason Crow,Republican Brian Smith,A Democratic Candidate,0.2,Democrat Jason Crow,0.8,,,,,,,,,A Republican Candidate,0.8,Republican Brian Smith,0.2,,,,,,,,,,,,
CO_007,house,Democrat Ed Perlmutter,D,1,Democrat Brittany Pettersen,Republican Colin Larson,A Democratic Candidate,0.2,Democrat Brittany Pettersen,0.8,,,,,,,,,A Republican Candidate,0.6,Republican Colin Larson,0.2,Republican Timothy Reichert,0.2,,,,,,,,,,
CO_008,house,,,,Democrat Yadira Caraveo,Republican Kevin Priola,A Democratic Candidate,0.4,Democrat Yadira Caraveo,0.6,,,,,,,,,A Republican Candidate,0.3,Republican Kevin Priola,0.2,Republican Jan Kulmann,0.2,Republican Lori Saine,0.1,Republican Barbara Kirkmeyer,0.1,Republican Tyler Allcorn,0.1,,,,
CT_001,house,Democrat John Larson,D,,Democrat John Larson,Republican Lawrence Lazor,A Democratic Candidate,0.2,Democrat John Larson,0.8,,,,,,,,,A Republican Candidate,0.8,Republican Lawrence Lazor,0.2,,,,,,,,,,,,
CT_002,house,Democrat Joe Courtney,D,,Democrat Joe Courtney,Republican Mike France,A Democratic Candidate,0.2,Democrat Joe Courtney,0.8,,,,,,,,,A Republican Candidate,0.8,Republican Mike France,0.2,,,,,,,,,,,,
CT_003,house,Democrat Rosa DeLauro,D,,Democrat Rosa DeLauro,Republican Lesley Denardis,A Democratic Candidate,0.2,Democrat Rosa DeLauro,0.8,,,,,,,,,A Republican Candidate,0.8,Republican Lesley Denardis,0.2,,,,,,,,,,,,
CT_004,house,Democrat James Himes,D,,Democrat James Himes,Republican Michael Goldstein,A Democratic Candidate,0.2,Democrat James Himes,0.8,,,,,,,,,A Republican Candidate,0.8,Republican Michael Goldstein,0.2,,,,,,,,,,,,
CT_005,house,Democrat Jahana Hayes,D,,Democrat Jahana Hayes,Republican George Logan,A Democratic Candidate,0.2,Democrat Jahana Hayes,0.8,,,,,,,,,A Republican Candidate,0.8,Republican George Logan,0.2,,,,,,,,,,,,
DE_001,house,Democrat Lisa Blunt Rochester,D,,Democrat Lisa Blunt Rochester,Republican Lee Murphy,A Democratic Candidate,0.2,Democrat Lisa Blunt Rochester,0.8,,,,,,,,,A Republican Candidate,0.8,Republican Lee Murphy,0.2,,,,,,,,,,,,
FL_001,house,Republican Matt Gaetz,R,,Democrat Rebekah Jones,Republican Matt Gaetz,A Democratic Candidate,0.8,Democrat Rebekah Jones,0.2,,,,,,,,,A Republican Candidate,0.2,Republican Matt Gaetz,0.6,Republican Bryan Jones,0.2,,,,,,,,,,
FL_002,house,Republican Neal Dunn,R,,Democrat Al Lawson,Republican Neal Dunn,A Democratic Candidate,0.5,Democrat Al Lawson,0.5,,,,,,,,,A Republican Candidate,0.2,Republican Neal Dunn,0.8,,,,,,,,,,,,
FL_003,house,Republican Kat Cammack,R,,Democrat Danielle Hawk,Republican Kat Cammack,A Democratic Candidate,0.8,Democrat Danielle Hawk,0.2,,,,,,,,,A Republican Candidate,0.2,Republican Kat Cammack,0.8,,,,,,,,,,,,
FL_004,house,,,,Democrat Al Lawson,Republican Erick Aguilar,A Democratic Candidate,1,Democrat Al Lawson,0,,,,,,,,,A Republican Candidate,0.8,Republican Erick Aguilar,0.2,,,,,,,,,,,,
FL_005,house,Republican John Rutherford,R,,Democrat Al Robertson,Republican John Rutherford,A Democratic Candidate,0.8,Democrat Al Robertson,0.2,,,,,,,,,A Republican Candidate,0.2,Republican John Rutherford,0.8,,,,,,,,,,,,
FL_006,house,Republican Michael Waltz,R,,Democrat Richard Thripp,Republican Michael Waltz,A Democratic Candidate,0.8,Democrat Richard Thripp,0.2,,,,,,,,,A Republican Candidate,0.2,Republican Michael Waltz,0.8,,,,,,,,,,,,
FL_007,house,Democrat Stephanie Murphy,D,1,Democrat Emily Bonilla,Republican Cory Mills,A Democratic Candidate,0.4,Democrat Emily Bonilla,0.2,Democrat Chris King,0.2,Democrat Carlos Guillermo Smith,0.2,,,,,A Republican Candidate,0.3,Republican Cory Mills,0.3,Republican Erika Benfield,0.1,Republican Anthony Sabatini,0.1,Republican Scott Sturgill,0.1,Republican Mac McGovern,0.1,,,,
FL_008,house,Republican Bill Posey,R,,Democrat Joanne Terry,Republican Bill Posey,A Democratic Candidate,0.8,Democrat Joanne Terry,0.2,,,,,,,,,A Republican Candidate,0.2,Republican Bill Posey,0.8,,,,,,,,,,,,
FL_009,house,Democrat Darren Soto,D,,Democrat Darren Soto,Republican William Olson,A Democratic Candidate,0.2,Democrat Darren Soto,0.8,,,,,,,,,A Republican Candidate,0.8,Republican William Olson,0.2,,,,,,,,,,,,
FL_010,house,Democrat Val Demings,D,1,Democrat Randolph Bracy,Republican Willie Montague,A Democratic Candidate,0.4,Democrat Randolph Bracy,0.2,Democrat Aramis Ayala,0.2,Democrat Natalie Jackson,0.1,Democrat Terence Gray,0.1,,,A Republican Candidate,0.8,Republican Willie Montague,0.2,,,,,,,,,,,,
FL_011,house,Republican Daniel Webster,R,,Democrat Dana Cottrell,Republican Daniel Webster,A Democratic Candidate,1,Democrat Dana Cottrell,0,,,,,,,,,A Republican Candidate,0.2,Republican Daniel Webster,0.75,Republican Laura Loomer,0.05,,,,,,,,,,
FL_012,house,Republican Gus Bilirakis,R,,Democrat Kimberly Walker,Republican Gus Bilirakis,A Democratic Candidate,0.8,Democrat Kimberly Walker,0.2,,,,,,,,,A Republican Candidate,0.2,Republican Gus Bilirakis,0.8,,,,,,,,,,,,
FL_013,house,Democrat Charlie Crist,D,1,Democrat Ben Diamond,Republican Anna Paulina Luna,A Democratic Candidate,0.55,Democrat Ben Diamond,0.15,Democrat Eric Lynn,0.15,Democrat Michele Rayner,0.15,,,,,A Republican Candidate,0.3,Republican Anna Paulina Luna,0.4,Republican Amanda Makki,0.1,Republican Audrey Henson,0.1,Republican Kevin Hayslett,0.1,,,,,,
FL_014,house,Democrat Kathy Castor,D,,Democrat Kathy Castor,Republican Jay Collins,A Democratic Candidate,0.2,Democrat Kathy Castor,0.8,,,,,,,,,A Republican Candidate,0.8,Republican Jay Collins,0.2,,,,,,,,,,,,
FL_015,house,,,,Democrat Al Lawson,Republican Jon Chuba,A Democratic Candidate,1,Democrat Al Lawson,0,,,,,,,,,A Republican Candidate,1,Republican Jon Chuba,0,,,,,,,,,,,,
FL_016,house,Republican Vern Buchanan,R,,Democrat Jan Schneider,Republican Vern Buchanan,A Democratic Candidate,0.8,Democrat Jan Schneider,0.2,,,,,,,,,A Republican Candidate,0.2,Republican Vern Buchanan,0.8,,,,,,,,,,,,
FL_017,house,Republican W. Steube,R,,Democrat Dan Lambert,Republican W. Steube,A Democratic Candidate,0.8,Democrat Dan Lambert,0.2,,,,,,,,,A Republican Candidate,0.2,Republican W. Steube,0.8,,,,,,,,,,,,
FL_018,house,Republican C. Franklin,R,,Democrat Alan Cohn,Republican C. Franklin,A Democratic Candidate,0.7,Democrat Alan Cohn,0.3,,,,,,,,,A Republican Candidate,0.2,Republican C. Franklin,0.8,,,,,,,,,,,,
FL_019,house,Republican Byron Donalds,R,,Democrat Cindy Banyai,Republican Byron Donalds,A Democratic Candidate,0.8,Democrat Cindy Banyai,0.2,,,,,,,,,A Republican Candidate,0.2,Republican Byron Donalds,0.8,,,,,,,,,,,,
FL_020,house,,,,Democrat Sheila Cherfilus-McCormick,Republican Greg Musselwhite,A Democratic Candidate,0.2,Democrat Sheila Cherfilus-McCormick,0.6,Democrat Dale Holness,0.2,,,,,,,A Republican Candidate,0.8,Republican Greg Musselwhite,0.2,,,,,,,,,,,,
FL_021,house,Republican Brian Mast,R,,Democrat Corinna Balderramos,Republican Brian Mast,A Democratic Candidate,0.8,Democrat Corinna Balderramos,0.2,,,,,,,,,A Republican Candidate,0.2,Republican Brian Mast,0.8,,,,,,,,,,,,
FL_022,house,Democrat Lois Frankel,D,,Democrat Lois Frankel,Republican Daniel Franzese,A Democratic Candidate,0.2,Democrat Lois Frankel,0.8,,,,,,,,,A Republican Candidate,0.8,Republican Daniel Franzese,0.2,,,,,,,,,,,,
FL_023,house,Democrat Ted Deutch,D,1,Democrat Jared Moskowitz,Republican Chip LaMarca,A Democratic Candidate,0.2,Democrat Jared Moskowitz,0.5,Democrat Gary Farmer,0.1,Democrat Mark Bogen,0.1,Democrat Dean Trantalis,0.1,,,A Republican Candidate,0.8,Republican Chip LaMarca,0.2,,,,,,,,,,,,
FL_024,house,Democrat Frederica Wilson,D,,Democrat Frederica Wilson,Republican Lavern Spicer,A Democratic Candidate,0.2,Democrat Frederica Wilson,0.8,,,,,,,,,A Republican Candidate,0.8,Republican Lavern Spicer,0.2,,,,,,,,,,,,
FL_025,house,Democrat Debbie Wasserman Schultz,D,,Democrat Debbie Wasserman Schultz,Republican Carla Spalding,A Democratic Candidate,0.2,Democrat Debbie Wasserman Schultz,0.8,,,,,,,,,A Republican Candidate,0.8,Republican Carla Spalding,0.2,,,,,,,,,,,,
FL_026,house,Republican Mario Diaz-Balart,R,,Democrat Adam Gentle,Republican Mario Diaz-Balart,A Democratic Candidate,0.8,Democrat Adam Gentle,0.2,,,,,,,,,A Republican Candidate,0.2,Republican Mario Diaz-Balart,0.8,,,,,,,,,,,,
FL_027,house,Republican Maria Salazar,R,,Democrat Donna Shalala,Republican Maria Salazar,A Democratic Candidate,0.6,Democrat Donna Shalala,0.3,Democrat Nick Duran,0.1,,,,,,,A Republican Candidate,0.2,Republican Maria Salazar,0.8,,,,,,,,,,,,
FL_028,house,Republican Carlos Gimenez,R,,Democrat Debbie Murcarsel-Powell,Republican Carlos Gimenez,A Democratic Candidate,1,Democrat Debbie Murcarsel-Powell,0,,,,,,,,,A Republican Candidate,0.2,Republican Carlos Gimenez,0.8,,,,,,,,,,,,
GA_001,house,Republican Buddy Carter,R,,Democrat Wade Herring,Republican Buddy Carter,A Democratic Candidate,0.4,Democrat Wade Herring,0.3,Democrat Joyce Griggs,0.3,,,,,,,A Republican Candidate,0,Republican Buddy Carter,1,,,,,,,,,,,,
GA_002,house,Democrat Sanford Bishop,D,,Democrat Sanford Bishop,Republican Jeremy Hunt,A Democratic Candidate,0,Democrat Sanford Bishop,1,,,,,,,,,A Republican Candidate,0.3,Republican Jeremy Hunt,0.35,Republican Chris West,0.35,,,,,,,,,,
GA_003,house,Republican A. Ferguson,R,,Democrat Valbrun Almonord,Republican A. Ferguson,A Democratic Candidate,0,Democrat Valbrun Almonord,1,,,,,,,,,A Republican Candidate,0,Republican A. Ferguson,1,,,,,,,,,,,,
GA_004,house,Democrat Hank Johnson,D,,Democrat Hank Johnson,Republican Jonathan Chavez,A Democratic Candidate,0,Democrat Hank Johnson,1,,,,,,,,,A Republican Candidate,0,Republican Jonathan Chavez,1,,,,,,,,,,,,
GA_005,house,Democrat Nikema Williams,D,,Democrat Nikema Williams,Republican Christian Zimm,A Democratic Candidate,0,Democrat Nikema Williams,1,,,,,,,,,A Republican Candidate,0,Republican Christian Zimm,1,,,,,,,,,,,,
GA_006,house,Democrat Lucy McBath,D,,Democrat Bob Christian,Republican Jake Evans,A Democratic Candidate,0,Democrat Bob Christian,1,,,,,,,,,A Republican Candidate,0.1,Republican Jake Evans,0.45,Republican Rich McCormick,0.45,,,,,,,,,,
GA_007,house,Democrat Carolyn Bourdeaux,D,,Democrat Lucy McBath,Republican Michael Corbin,A Democratic Candidate,0,Democrat Lucy McBath,1,,,,,,,,,A Republican Candidate,0.1,Republican Michael Corbin,0.45,Republican Mark Gonsalves,0.45,,,,,,,,,,
GA_008,house,Republican Austin Scott,R,,Democrat Darrius Butler,Republican Austin Scott,A Democratic Candidate,0,Democrat Darrius Butler,1,,,,,,,,,A Republican Candidate,0,Republican Austin Scott,1,,,,,,,,,,,,
GA_009,house,Republican Andrew Clyde,R,,Democrat Mike Ford,Republican Andrew Clyde,A Democratic Candidate,0,Democrat Mike Ford,1,,,,,,,,,A Republican Candidate,0,Republican Andrew Clyde,1,,,,,,,,,,,,
GA_010,house,Republican Jody Hice,R,1,Democrat Tabitha Johnson-Green,Republican Mike Collins,A Democratic Candidate,0,Democrat Tabitha Johnson-Green,1,,,,,,,,,A Republican Candidate,0.1,Republican Mike Collins,0.45,Republican Vernon Jones,0.45,,,,,,,,,,
GA_011,house,Republican Barry Loudermilk,R,,Democrat Antonio Daza,Republican Barry Loudermilk,A Democratic Candidate,0,Democrat Antonio Daza,1,,,,,,,,,A Republican Candidate,0,Republican Barry Loudermilk,1,,,,,,,,,,,,
GA_012,house,Republican Rick Allen,R,,Democrat Liz Johnson,Republican Rick Allen,A Democratic Candidate,0,Democrat Liz Johnson,1,,,,,,,,,A Republican Candidate,0,Republican Rick Allen,1,,,,,,,,,,,,
GA_013,house,Democrat David Scott,D,,Democrat David Scott,Republican Caesar Gonzales,A Democratic Candidate,0,Democrat David Scott,1,,,,,,,,,A Republican Candidate,0,Republican Caesar Gonzales,1,,,,,,,,,,,,
GA_014,house,Republican Marjorie Greene,R,,Democrat Marcus Flowers,Republican Marjorie Greene,A Democratic Candidate,0,Democrat Marcus Flowers,1,,,,,,,,,A Republican Candidate,0,Republican Marjorie Greene,1,,,,,,,,,,,,
HI_001,house,Democrat Ed Case,D,,Democrat Ed Case,Republican Ron Curtis,A Democratic Candidate,0.2,Democrat Ed Case,0.8,,,,,,,,,A Republican Candidate,1,Republican Ron Curtis,0,,,,,,,,,,,,
HI_002,house,Democrat Kaialiʻi Kahele,D,1,Democrat Jill Tokuda,Republican Conrad Kress,A Democratic Candidate,0.5,Democrat Jill Tokuda,0.5,,,,,,,,,A Republican Candidate,0.8,Republican Conrad Kress,0.2,,,,,,,,,,,,
IA_001,house,Republican Mariannette Miller-Meeks,R,,Democrat Christina Bohannan,Republican Mariannette Miller-Meeks,A Democratic Candidate,0,Democrat Christina Bohannan,1,,,,,,,,,A Republican Candidate,0,Republican Mariannette Miller-Meeks,1,,,,,,,,,,,,
IA_002,house,Republican Ashley Hinson,R,,Democrat Liz Mathis,Republican Ashley Hinson,A Democratic Candidate,0,Democrat Liz Mathis,1,,,,,,,,,A Republican Candidate,0,Republican Ashley Hinson,1,,,,,,,,,,,,
IA_003,house,Democrat Cynthia Axne,D,,Democrat Cynthia Axne,Republican Zach Nunn,A Democratic Candidate,0,Democrat Cynthia Axne,1,,,,,,,,,A Republican Candidate,0,Republican Zach Nunn,1,,,,,,,,,,,,
IA_004,house,Republican Randy Feenstra,R,,Democrat Ryan Melton,Republican Randy Feenstra,A Democratic Candidate,0,Democrat Ryan Melton,1,,,,,,,,,A Republican Candidate,0,Republican Randy Feenstra,1,,,,,,,,,,,,
ID_001,house,Republican Russ Fulcher,R,,Democrat Kaylee Peterson,Republican Russ Fulcher,A Democratic Candidate,0,Democrat Kaylee Peterson,1,,,,,,,,,A Republican Candidate,0,Republican Russ Fulcher,1,,,,,,,,,,,,
ID_002,house,Republican Mike Simpson,R,,Democrat Wendy Norman,Republican Mike Simpson,A Democratic Candidate,0,Democrat Wendy Norman,1,,,,,,,,,A Republican Candidate,0,Republican Mike Simpson,1,,,,,,,,,,,,
IL_001,house,Democrat Bobby Rush,D,1,Democrat Pat Dowell,Republican Geno Young,A Democratic Candidate,0.1,Democrat Pat Dowell,0.2,Democrat Elgie Sims,0.2,Democrat Marcus Evans,0.1,Democrat Jacqueline Collins,0.2,Democrat Karin Norington-Reaves,0.2,A Republican Candidate,0.8,Republican Geno Young,0.2,,,,,,,,,,,,
IL_002,house,Democrat Robin Kelly,D,,Democrat Robin Kelly,Republican Ashley Ramos,A Democratic Candidate,0.2,Democrat Robin Kelly,0.8,,,,,,,,,A Republican Candidate,0.8,Republican Ashley Ramos,0.2,,,,,,,,,,,,
IL_003,house,Democrat Marie Newman,D,,Democrat Delia Ramirez,Republican Justin Burau,A Democratic Candidate,0.2,Democrat Dan Lipinski,0.2,Democrat Delia Ramirez,0.3,Democrat Gilbert Villegas,0.3,,,,,A Republican Candidate,0.8,Republican Justin Burau,0.2,,,,,,,,,,,,
IL_004,house,Democrat Chuy García,D,,Democrat Chuy García,Republican Jesus Solorio,A Democratic Candidate,0.2,Democrat Chuy García,0.8,,,,,,,,,A Republican Candidate,1,Republican Jesus Solorio,0,,,,,,,,,,,,
IL_005,house,Democrat Mike Quigley,D,,Democrat Mike Quigley,Republican Malgorzata McGonigal,A Democratic Candidate,0.2,Democrat Mike Quigley,0.8,,,,,,,,,A Republican Candidate,0.8,Republican Malgorzata McGonigal,0.2,,,,,,,,,,,,
IL_006,house,Democrat Sean Casten,D,,Democrat Sean Casten,Republican Keith Pekau,A Democratic Candidate,0.2,Democrat Sean Casten,0.5,Democrat Marie Newman,0.3,,,,,,,A Republican Candidate,0.6,Republican Keith Pekau,0.2,Republican Gary Grasso,0.2,,,,,,,,,,
IL_007,house,Democrat Danny Davis,D,,Democrat Danny Davis,Republican Craig Cameron,A Democratic Candidate,0.2,Democrat Danny Davis,0.75,Democrat Kina Collins,0.05,,,,,,,A Republican Candidate,1,Republican Craig Cameron,0,,,,,,,,,,,,
IL_008,house,Democrat Raja Krishnamoorthi,D,,Democrat Raja Krishnamoorthi,Republican Peter Kopsaftis,A Democratic Candidate,0.2,Democrat Raja Krishnamoorthi,0.8,,,,,,,,,A Republican Candidate,0.8,Republican Peter Kopsaftis,0.2,,,,,,,,,,,,
IL_009,house,Democrat Jan Schakowsky,D,,Democrat Jan Schakowsky,Republican Bradley Martin,A Democratic Candidate,0.2,Democrat Jan Schakowsky,0.8,,,,,,,,,A Republican Candidate,0.8,Republican Bradley Martin,0.2,,,,,,,,,,,,
IL_010,house,Democrat Brad Schneider,D,,Democrat Brad Schneider,Republican Joseph Severino,A Democratic Candidate,0.2,Democrat Brad Schneider,0.8,,,,,,,,,A Republican Candidate,0.8,Republican Joseph Severino,0.2,,,,,,,,,,,,
IL_011,house,Democrat Bill Foster,D,,Democrat Bill Foster,Republican Catalina Lauf,A Democratic Candidate,0.2,Democrat Bill Foster,0.8,,,,,,,,,A Republican Candidate,0.8,Republican Catalina Lauf,0.2,,,,,,,,,,,,
IL_012,house,Republican Mike Bost,R,,Democrat Keith Richardson,Republican Mike Bost,A Democratic Candidate,0.8,Democrat Keith Richardson,0.2,,,,,,,,,A Republican Candidate,0.2,Republican Mike Bost,0.8,,,,,,,,,,,,
IL_013,house,Republican Adam Kinzinger,R,1,Democrat Nikki Budzinski,Republican Jesse Reising,A Democratic Candidate,0.2,Democrat David Palmer,0.2,Democrat Nikki Budzinski,0.6,,,,,,,A Republican Candidate,0.6,Republican Jesse Reising,0.2,Republican Regan Deering,0.2,,,,,,,,,,
IL_014,house,Democrat Lauren Underwood,D,,Democrat Lauren Underwood,Republican Michael Koolidge,A Democratic Candidate,0.2,Democrat Lauren Underwood,0.8,,,,,,,,,A Republican Candidate,0.8,Republican Michael Koolidge,0.2,,,,,,,,,,,,
IL_015,house,Republican Mary Miller,R,,Democrat Erika Weaver,Republican Mary Miller,A Democratic Candidate,1,Democrat Erika Weaver,0,,,,,,,,,A Republican Candidate,0.2,Republican Mary Miller,0.4,Republican Rodney Davis,0.4,,,,,,,,,,
IL_016,house,Republican Darin LaHood,R,,Democrat George Petrilli,Republican Darin LaHood,A Democratic Candidate,1,Democrat George Petrilli,0,,,,,,,,,A Republican Candidate,0.2,Republican Darin LaHood,0.8,,,,,,,,,,,,
IL_017,house,Democrat Cheri Bustos,D,1,Democrat Beth Jensen,Republican Esther Joy King,A Democratic Candidate,0.2,Democrat Beth Jensen,0.2,Democrat Maurice West,0.15,Democrat Linda McNeely,0.15,Democrat Eric Sorensen,0.15,Democrat Litesa Wallace,0.15,A Republican Candidate,0.6,Republican Esther Joy King,0.3,Republican Terry Schilling,0.1,,,,,,,,,,
IN_001,house,Democrat Frank Mrvan,D,,Democrat Frank Mrvan,Republican Jennifer-Ruth Green,A Democratic Candidate,0,Democrat Frank Mrvan,1,,,,,,,,,A Republican Candidate,0,Republican Jennifer-Ruth Green,1,,,,,,,,,,,,
IN_002,house,Republican Jackie Walorski,R,,Democrat Paul Steury,Republican Jackie Walorski,A Democratic Candidate,0,Democrat Paul Steury,1,,,,,,,,,A Republican Candidate,0,Republican Jackie Walorski,1,,,,,,,,,,,,
IN_003,house,Republican Jim Banks,R,,Democrat Gary Snyder,Republican Jim Banks,A Democratic Candidate,0,Democrat Gary Snyder,1,,,,,,,,,A Republican Candidate,0,Republican Jim Banks,1,,,,,,,,,,,,
IN_004,house,Republican James Baird,R,,Democrat Roger Day,Republican James Baird,A Democratic Candidate,0,Democrat Roger Day,1,,,,,,,,,A Republican Candidate,0,Republican James Baird,1,,,,,,,,,,,,
IN_005,house,Republican Victoria Spartz,R,,Democrat Jeannine Lake,Republican Victoria Spartz,A Democratic Candidate,0,Democrat Jeannine Lake,1,,,,,,,,,A Republican Candidate,0,Republican Victoria Spartz,1,,,,,,,,,,,,
IN_006,house,Republican Greg Pence,R,,Democrat Cynthia Wirth,Republican Greg Pence,A Democratic Candidate,0,Democrat Cynthia Wirth,1,,,,,,,,,A Republican Candidate,0,Republican Greg Pence,1,,,,,,,,,,,,
IN_007,house,Democrat André Carson,D,,Democrat André Carson,Republican Angela Grabovsky,A Democratic Candidate,0,Democrat André Carson,1,,,,,,,,,A Republican Candidate,0,Republican Angela Grabovsky,1,,,,,,,,,,,,
IN_008,house,Republican Larry Bucshon,R,,Democrat Ray McCormick,Republican Larry Bucshon,A Democratic Candidate,0,Democrat Ray McCormick,1,,,,,,,,,A Republican Candidate,0,Republican Larry Bucshon,1,,,,,,,,,,,,
IN_009,house,Republican Trey Hollingsworth,R,1,Democrat Matthew Fyfe,Republican Erin Houchin,A Democratic Candidate,0,Democrat Matthew Fyfe,1,,,,,,,,,A Republican Candidate,0,Republican Erin Houchin,1,,,,,,,,,,,,
KS_001,house,Republican Tracey Mann,R,,Democrat Kali Barnett,Republican Tracey Mann,A Democratic Candidate,1,Democrat Kali Barnett,0,,,,,,,,,A Republican Candidate,0.2,Republican Tracey Mann,0.8,,,,,,,,,,,,
KS_002,house,Republican Jake LaTurner,R,,Democrat Patrick Schmidt,Republican Jake LaTurner,A Democratic Candidate,0.8,Democrat Patrick Schmidt,0.2,,,,,,,,,A Republican Candidate,0.2,Republican Jake LaTurner,0.8,,,,,,,,,,,,
KS_003,house,Democrat Sharice Davids,D,,Democrat Sharice Davids,Republican Amanda Adkins,A Democratic Candidate,0.2,Democrat Sharice Davids,0.8,,,,,,,,,A Republican Candidate,0.5,Republican Amanda Adkins,0.5,,,,,,,,,,,,
KS_004,house,Republican Ron Estes,R,,Democrat Laura Lombard,Republican Ron Estes,A Democratic Candidate,1,Democrat Laura Lombard,0,,,,,,,,,A Republican Candidate,0.2,Republican Ron Estes,0.8,,,,,,,,,,,,
KY_001,house,Republican James Comer,R,,Democrat Jimmy Ausbrooks,Republican James Comer,A Democratic Candidate,0,Democrat Jimmy Ausbrooks,1,,,,,,,,,A Republican Candidate,0,Republican James Comer,1,,,,,,,,,,,,
KY_002,house,Republican Brett Guthrie,R,,Democrat Hank Linderman,Republican Brett Guthrie,A Democratic Candidate,0,Democrat Hank Linderman,1,,,,,,,,,A Republican Candidate,0,Republican Brett Guthrie,1,,,,,,,,,,,,
KY_003,house,Democrat John Yarmuth,D,1,Democrat Morgan McGarvey,Republican Stuart Ray,A Democratic Candidate,0,Democrat Morgan McGarvey,1,,,,,,,,,A Republican Candidate,0.8,Republican Stuart Ray,0.2,,,,,,,,,,,,
KY_004,house,Republican Thomas Massie,R,,Democrat Matthew Lehman,Republican Thomas Massie,A Democratic Candidate,0,Democrat Matthew Lehman,1,,,,,,,,,A Republican Candidate,0,Republican Thomas Massie,1,,,,,,,,,,,,
KY_005,house,Republican Hal Rogers,R,,Democrat Conor Halbleib,Republican Hal Rogers,A Democratic Candidate,0,Democrat Conor Halbleib,1,,,,,,,,,A Republican Candidate,0,Republican Hal Rogers,1,,,,,,,,,,,,
KY_006,house,Republican Andy Barr,R,,Democrat Geoffrey Young,Republican Andy Barr,A Democratic Candidate,0,Democrat Geoffrey Young,1,,,,,,,,,A Republican Candidate,0,Republican Andy Barr,1,,,,,,,,,,,,
LA_001,house,Republican Steve Scalise,R,,Democrat Lee Ann Dugas,Republican Steve Scalise,A Democratic Candidate,1,Democrat Lee Ann Dugas,0,,,,,,,,,A Republican Candidate,0.2,Republican Steve Scalise,0.8,,,,,,,,,,,,
LA_002,house,Democrat Troy Carter,D,,Democrat Troy Carter,Republican Claston Bernard,A Democratic Candidate,0.2,Democrat Troy Carter,0.8,,,,,,,,,A Republican Candidate,0.8,Republican Claston Bernard,0.2,,,,,,,,,,,,
LA_003,house,Republican Clay Higgins,R,,Democrat Dustin Granger,Republican Clay Higgins,A Democratic Candidate,0.8,Democrat Dustin Granger,0.2,,,,,,,,,A Republican Candidate,0.2,Republican Clay Higgins,0.8,,,,,,,,,,,,
LA_004,house,Republican Mike Johnson,R,,Democrat Kenny Houston,Republican Mike Johnson,A Democratic Candidate,1,Democrat Kenny Houston,0,,,,,,,,,A Republican Candidate,0.2,Republican Mike Johnson,0.8,,,,,,,,,,,,
LA_005,house,Republican Julia Letlow,R,,Democrat Sandra Christophe,Republican Julia Letlow,A Democratic Candidate,0.8,Democrat Sandra Christophe,0.2,,,,,,,,,A Republican Candidate,0.2,Republican Julia Letlow,0.8,,,,,,,,,,,,
LA_006,house,Republican Garret Graves,R,,Democrat Jaqueline Blaney,Republican Garret Graves,A Democratic Candidate,0.8,Democrat Jaqueline Blaney,0.2,,,,,,,,,A Republican Candidate,0.2,Republican Garret Graves,0.8,,,,,,,,,,,,
MA_001,house,Democrat Richard Neal,D,,Democrat Richard Neal,Republican Louis Marino,A Democratic Candidate,0.2,Democrat Richard Neal,0.8,,,,,,,,,A Republican Candidate,0.8,Republican Louis Marino,0.2,,,,,,,,,,,,
MA_002,house,Democrat Jim McGovern,D,,Democrat Jim McGovern,Republican Jeff Sossa-Paquette,A Democratic Candidate,0.2,Democrat Jim McGovern,0.8,,,,,,,,,A Republican Candidate,0.8,Republican Jeff Sossa-Paquette,0.2,,,,,,,,,,,,
MA_003,house,Democrat Lori Trahan,D,,Democrat Lori Trahan,Republican Dean Tran,A Democratic Candidate,0.2,Democrat Lori Trahan,0.8,,,,,,,,,A Republican Candidate,0.8,Republican Dean Tran,0.2,,,,,,,,,,,,
MA_004,house,Democrat Jake Auchincloss,D,,Democrat Jake Auchincloss,Republican Emily Burns,A Democratic Candidate,0.2,Democrat Jake Auchincloss,0.8,,,,,,,,,A Republican Candidate,0.8,Republican Emily Burns,0.2,,,,,,,,,,,,
MA_005,house,Democrat Katherine Clark,D,,Democrat Katherine Clark,Republican Norman Shwartz,A Democratic Candidate,0.2,Democrat Katherine Clark,0.8,,,,,,,,,A Republican Candidate,0.8,Republican Norman Shwartz,0.2,,,,,,,,,,,,
MA_006,house,Democrat Seth Moulton,D,,Democrat Seth Moulton,Republican Robert May,A Democratic Candidate,0.2,Democrat Seth Moulton,0.8,,,,,,,,,A Republican Candidate,0.8,Republican Robert May,0.2,,,,,,,,,,,,
MA_007,house,Democrat Ayanna Pressley,D,,Democrat Ayanna Pressley,Republican Rayla Campbell,A Democratic Candidate,0.2,Democrat Ayanna Pressley,0.8,,,,,,,,,A Republican Candidate,0.8,Republican Rayla Campbell,0.2,,,,,,,,,,,,
MA_008,house,Democrat Stephen Lynch,D,,Democrat Stephen Lynch,Republican William Burke,A Democratic Candidate,0.2,Democrat Stephen Lynch,0.8,,,,,,,,,A Republican Candidate,1,Republican William Burke,0,,,,,,,,,,,,
MA_009,house,Democrat William Keating,D,,Democrat William Keating,Republican Jesse Brown,A Democratic Candidate,0.2,Democrat William Keating,0.8,,,,,,,,,A Republican Candidate,0.8,Republican Jesse Brown,0.2,,,,,,,,,,,,
MD_001,house,Republican Andy Harris,R,,Democrat Heather Mizeur,Republican Andy Harris,A Democratic Candidate,0.3,Democrat Heather Mizeur,0.7,,,,,,,,,A Republican Candidate,0.2,Republican Andy Harris,0.8,,,,,,,,,,,,
MD_002,house,Democrat Dutch Ruppersberger,D,,Democrat Dutch Ruppersberger,Republican Joe Kelley,A Democratic Candidate,0.2,Democrat Dutch Ruppersberger,0.7,Democrat Brittany Oliver,0.1,,,,,,,A Republican Candidate,0.8,Republican Joe Kelley,0.2,,,,,,,,,,,,
MD_003,house,Democrat John Sarbanes,D,,Democrat John Sarbanes,Republican Antonio Pitocco,A Democratic Candidate,0.2,Democrat John Sarbanes,0.8,,,,,,,,,A Republican Candidate,0.8,Republican Antonio Pitocco,0.2,,,,,,,,,,,,
MD_004,house,Democrat Anthony Brown,D,1,Democrat Donna Edwards,Republican Jeff Warner,A Democratic Candidate,0.2,Democrat Donna Edwards,0.4,Democrat Jazz Lewis,0.1,Democrat Donna Edwards,0.1,Democrat Glenn Ivey,0.1,Democrat Calvin Hawkins,0.1,A Republican Candidate,0.8,Republican Jeff Warner,0.2,,,,,,,,,,,,
MD_005,house,Democrat Steny Hoyer,D,,Democrat Steny Hoyer,Republican Christopher Palombi,A Democratic Candidate,0.2,Democrat Steny Hoyer,0.8,,,,,,,,,A Republican Candidate,0.8,Republican Christopher Palombi,0.2,,,,,,,,,,,,
MD_006,house,Democrat David Trone,D,,Democrat David Trone,Republican Neil Parrott,A Democratic Candidate,0.2,Democrat David Trone,0.8,,,,,,,,,A Republican Candidate,0.7,Republican Neil Parrott,0.3,,,,,,,,,,,,
MD_007,house,Democrat Kweisi Mfume,D,,Democrat Kweisi Mfume,Republican Kim Klacik,A Democratic Candidate,0.2,Democrat Kweisi Mfume,0.8,,,,,,,,,A Republican Candidate,1,Republican Kim Klacik,0,,,,,,,,,,,,
MD_008,house,Democrat Jamie Raskin,D,,Democrat Jamie Raskin,Republican Mariela Roca,A Democratic Candidate,0.2,Democrat Jamie Raskin,0.8,,,,,,,,,A Republican Candidate,0.8,Republican Mariela Roca,0.2,,,,,,,,,,,,
ME_001,house,Democrat Chellie Pingree,D,,Democrat Chellie Pingree,Republican Edwin Thelander,A Democratic Candidate,0.2,Democrat Chellie Pingree,0.8,,,,,,,,,A Republican Candidate,0.8,Republican Edwin Thelander,0.2,,,,,,,,,,,,
ME_002,house,Democrat Jared Golden,D,,Democrat Jared Golden,Republican Bruce Poliquin,A Democratic Candidate,0.2,Democrat Jared Golden,0.8,,,,,,,,,A Republican Candidate,0.3,Republican Bruce Poliquin,0.6,Republican Mike Perkins,0.1,,,,,,,,,,
MI_001,house,Republican Jack Bergman,R,,Democrat Robert Lorinser,Republican Jack Bergman,A Democratic Candidate,0.8,Democrat Robert Lorinser,0.2,,,,,,,,,A Republican Candidate,0.2,Republican Jack Bergman,0.8,,,,,,,,,,,,
MI_002,house,Republican John Moolenaar,R,,Democrat Ray Johnson,Republican John Moolenaar,A Democratic Candidate,0.8,Democrat Ray Johnson,0.2,,,,,,,,,A Republican Candidate,0.2,Republican John Moolenaar,0.8,,,,,,,,,,,,
MI_003,house,Republican Peter Meijer,R,,Democrat Hillary Scholten,Republican Peter Meijer,A Democratic Candidate,0.6,Democrat Hillary Scholten,0.4,,,,,,,,,A Republican Candidate,0.2,Republican Peter Meijer,0.5,Republican John Gibbs,0.3,,,,,,,,,,
MI_004,house,Republican Fred Upton,R,1,Democrat Anthony Feig,Republican Bill Huizenga,A Democratic Candidate,0.8,Democrat Anthony Feig,0.2,,,,,,,,,A Republican Candidate,0.2,Republican Bill Huizenga,0.8,,,,,,,,,,,,
MI_005,house,Republican Tim Walberg,R,,Democrat Bartley Goldberg,Republican Tim Walberg,A Democratic Candidate,0.8,Democrat Bartley Goldberg,0.2,,,,,,,,,A Republican Candidate,0.2,Republican Tim Walberg,0.8,,,,,,,,,,,,
MI_006,house,Democrat Debbie Dingell,D,,Democrat Debbie Dingell,Republican Sherry O'Donnell,A Democratic Candidate,0.2,Democrat Debbie Dingell,0.8,,,,,,,,,A Republican Candidate,0.8,Republican Sherry O'Donnell,0.2,,,,,,,,,,,,
MI_007,house,Democrat Elissa Slotkin,D,,Democrat Elissa Slotkin,Republican Tom Barrett,A Democratic Candidate,0.2,Democrat Elissa Slotkin,0.8,,,,,,,,,A Republican Candidate,0.5,Republican Tom Barrett,0.5,,,,,,,,,,,,
MI_008,house,Democrat Daniel Kildee,D,,Democrat Daniel Kildee,Republican Bill Schuette,A Democratic Candidate,0.2,Democrat Daniel Kildee,0.8,,,,,,,,,A Republican Candidate,0.5,Republican Bill Schuette,0.3,Republican Paul Junge,0.2,,,,,,,,,,
MI_009,house,Republican Lisa McClain,R,,Democrat Brian Jaye,Republican Lisa McClain,A Democratic Candidate,0.8,Democrat Brian Jaye,0.2,,,,,,,,,A Republican Candidate,0.2,Republican Lisa McClain,0.8,,,,,,,,,,,,
MI_010,house,,,,Democrat Huwaida Arraf,Republican John James,A Democratic Candidate,0.2,Democrat Huwaida Arraf,0.2,Democrat Michael Taylor,0.2,Democrat Angela Rogensues,0.2,Democrat Carl Marlinga,0.1,Democrat Henry Yanez,0.1,A Republican Candidate,0.3,Republican John James,0.6,Republican Eric Esshaki,0.1,,,,,,,,,,
MI_011,house,Democrat Haley Stevens,D,,Democrat Haley Stevens,Republican Eric Esshaki,A Democratic Candidate,0.1,Democrat Haley Stevens,0.6,Democrat Andy Levin,0.3,,,,,,,A Republican Candidate,0.6,Republican Eric Esshaki,0.4,,,,,,,,,,,,
MI_012,house,Democrat Rashida Tlaib,D,,Democrat Rashida Tlaib,Republican Linda Sawyer,A Democratic Candidate,0.2,Democrat Rashida Tlaib,0.5,Democrat Shanelle Jackson,0.1,Democrat Janice Winfrey,0.1,,,,,A Republican Candidate,0.8,Republican Linda Sawyer,0.2,,,,,,,,,,,,
MI_013,house,Democrat Brenda Lawrence,D,1,Democrat John Conyers III,Republican Articia Bomer,A Democratic Candidate,0.2,Democrat Shri Thanedar,0.1,Democrat Sherry Gay-Dagnogo,0.1,Democrat Adam Hollier,0.1,Democrat John Conyers III,0.3,Democrat Portia Roberson,0.2,A Republican Candidate,0.8,Republican Articia Bomer,0.2,,,,,,,,,,,,
MN_001,house,,R,,Democrat Richard Painter,Republican Jeremy Munson,A Democratic Candidate,0.5,Democrat Richard Painter,0.3,Democrat Jeff Ettinger,0.2,,,,,,,A Republican Candidate,0.2,Republican Jeremy Munson,0.4,Republican Jennifer Carnahan,0.1,Republican Brad Finstad,0.2,Republican Nels Pierson,0.1,,,,,,
MN_002,house,Democrat Angie Craig,D,,Democrat Angie Craig,Republican Tyler Kistner,A Democratic Candidate,0.2,Democrat Angie Craig,0.8,,,,,,,,,A Republican Candidate,0.5,Republican Tyler Kistner,0.25,Republican Eric Pratt,0.25,,,,,,,,,,
MN_003,house,Democrat Dean Phillips,D,,Democrat Dean Phillips,Republican Tom Weiler,A Democratic Candidate,0.2,Democrat Dean Phillips,0.8,,,,,,,,,A Republican Candidate,0.2,Republican Mark Blaxill,0.2,Republican Tom Weiler,0.6,,,,,,,,,,
MN_004,house,Democrat Betty McCollum,D,,Democrat Betty McCollum,Republican Mikki Murray,A Democratic Candidate,0.1,Democrat Betty McCollum,0.8,Democrat Amane Badhasso,0.1,,,,,,,A Republican Candidate,0.8,Republican Mikki Murray,0.2,,,,,,,,,,,,
MN_005,house,Democrat Ilhan Omar,D,,Democrat Ilhan Omar,Republican Cicely Davis,A Democratic Candidate,0.2,Democrat Ilhan Omar,0.7,Democrat Don Samuels,0.1,,,,,,,A Republican Candidate,0.8,Republican Cicely Davis,0.2,,,,,,,,,,,,
MN_006,house,Republican Tom Emmer,R,,Democrat Jeanne Hendricks,Republican Tom Emmer,A Democratic Candidate,0.8,Democrat Jeanne Hendricks,0.2,,,,,,,,,A Republican Candidate,0.2,Republican Tom Emmer,0.8,,,,,,,,,,,,
MN_007,house,Republican Michelle Fischbach,R,,Democrat Collin Peterson,Republican Michelle Fischbach,A Democratic Candidate,0.5,Democrat Collin Peterson,0.5,,,,,,,,,A Republican Candidate,0.2,Republican Michelle Fischbach,0.8,,,,,,,,,,,,
MN_008,house,Republican Pete Stauber,R,,Democrat Theresa Lastovich,Republican Pete Stauber,A Democratic Candidate,0.6,Democrat Theresa Lastovich,0.2,Democrat Jen Schultz,0.2,,,,,,,A Republican Candidate,0.2,Republican Pete Stauber,0.8,,,,,,,,,,,,
MO_001,house,Democrat Cori Bush,D,,Democrat Cori Bush,Republican Andrew Jones,A Democratic Candidate,0.2,Democrat Cori Bush,0.7,Democrat Steve Roberts,0.1,,,,,,,A Republican Candidate,0.8,Republican Andrew Jones,0.2,,,,,,,,,,,,
MO_002,house,Republican Ann Wagner,R,,Democrat Trish Gunby,Republican Ann Wagner,A Democratic Candidate,0.6,Democrat Trish Gunby,0.2,Democrat Ben Samuels,0.2,,,,,,,A Republican Candidate,0.2,Republican Ann Wagner,0.8,,,,,,,,,,,,
MO_003,house,Republican Blaine Luetkemeyer,R,,Democrat Josh Nicoloff,Republican Blaine Luetkemeyer,A Democratic Candidate,0.8,Democrat Josh Nicoloff,0.2,,,,,,,,,A Republican Candidate,0.2,Republican Blaine Luetkemeyer,0.8,,,,,,,,,,,,
MO_004,house,Republican Vicky Hartzler,R,1,Democrat JD Leathers,Republican Sandy Crawford,A Democratic Candidate,0.8,Democrat JD Leathers,0.2,,,,,,,,,A Republican Candidate,0.2,Republican Rick Brattin,0.1,Republican Sandy Crawford,0.2,Republican Sara Walsh,0.2,Republican Mark Alford,0.2,Republican Denny Hoskins,0.1,,,,
MO_005,house,Democrat Emanuel Cleaver,D,,Democrat Emanuel Cleaver,Republican Ryan Derks,A Democratic Candidate,0.2,Democrat Emanuel Cleaver,0.8,,,,,,,,,A Republican Candidate,1,Republican Ryan Derks,0,,,,,,,,,,,,
MO_006,house,Republican Sam Graves,R,,Democrat Henry Martin,Republican Sam Graves,A Democratic Candidate,0.8,Democrat Henry Martin,0.2,,,,,,,,,A Republican Candidate,0.2,Republican Sam Graves,0.8,,,,,,,,,,,,
MO_007,house,Republican Billy Long,R,1,Democrat Teresa Montseny,Republican Eric Burlison,A Democratic Candidate,1,Democrat Teresa Montseny,0,,,,,,,,,A Republican Candidate,0.2,Republican Eric Burlison,0.2,Republican Lincoln Hough,0.2,Republican Mike Moon,0.2,Republican Jay Wasson,0.1,Republican Alex Bryant,0.1,,,,
MO_008,house,Republican Jason Smith,R,,Democrat Kathy Ellis,Republican Jason Smith,A Democratic Candidate,1,Democrat Kathy Ellis,0,,,,,,,,,A Republican Candidate,0.2,Republican Jason Smith,0.8,,,,,,,,,,,,
MS_001,house,Republican Trent Kelly,R,,Democrat Hunter Avery,Republican Trent Kelly,A Democratic Candidate,0.8,Democrat Hunter Avery,0.2,,,,,,,,,A Republican Candidate,0.2,Republican Trent Kelly,0.8,,,,,,,,,,,,
MS_002,house,Democrat Bennie Thompson,D,,Democrat Bennie Thompson,Republican Brian Flowers,A Democratic Candidate,0.2,Democrat Bennie Thompson,0.8,,,,,,,,,A Republican Candidate,0.8,Republican Brian Flowers,0.2,,,,,,,,,,,,
MS_003,house,Republican Michael Guest,R,,Democrat Shuwaski Young,Republican Michael Guest,A Democratic Candidate,0.8,Democrat Shuwaski Young,0.2,,,,,,,,,A Republican Candidate,0.2,Republican Michael Guest,0.8,,,,,,,,,,,,
MS_004,house,Republican Steven Palazzo,R,,Democrat David Sellers,Republican Steven Palazzo,A Democratic Candidate,0.8,Democrat David Sellers,0.2,,,,,,,,,A Republican Candidate,0.1,Republican Steven Palazzo,0.4,Republican Brice Wiggins,0.1,Republican Mike Ezell,0.1,Republican Carl Boyanton,0.1,Republican Chris McDaniel,0.2,,,,
MT_001,house,,,,Democrat Cora Neumann,Republican Ryan Zinke,A Democratic Candidate,0.3,Democrat Cora Neumann,0.5,Democrat Monica Tranel,0.2,,,,,,,A Republican Candidate,0.2,Republican Ryan Zinke,0.6,Republican Al Olszewski,0.2,,,,,,,,,,
MT_002,house,Republican Matthew Rosendale,R,,Democrat Tom Winter,Republican Matthew Rosendale,A Democratic Candidate,0.8,Democrat Tom Winter,0.2,,,,,,,,,A Republican Candidate,0.2,Republican Matthew Rosendale,0.8,,,,,,,,,,,,
NC_001,house,Democrat G.K. Butterfield,D,1,Democrat Don Davis,Republican Sandy Smith,A Democratic Candidate,0,Democrat Don Davis,1,,,,,,,,,A Republican Candidate,0,Republican Sandy Smith,1,,,,,,,,,,,,
NC_002,house,Democrat Deborah Ross,D,,Democrat Deborah Ross,Republican Christine Villaverde,A Democratic Candidate,0,Democrat Deborah Ross,1,,,,,,,,,A Republican Candidate,0,Republican Christine Villaverde,1,,,,,,,,,,,,
NC_003,house,Republican Gregory Murphy,R,,Democrat Barbara Gaskins,Republican Gregory Murphy,A Democratic Candidate,0,Democrat Barbara Gaskins,1,,,,,,,,,A Republican Candidate,0,Republican Gregory Murphy,1,,,,,,,,,,,,
NC_004,house,Democrat David Price,D,1,Democrat Valerie Foushee,Republican Courtney Geels,A Democratic Candidate,0,Democrat Valerie Foushee,1,,,,,,,,,A Republican Candidate,0,Republican Courtney Geels,1,,,,,,,,,,,,
NC_005,house,Republican Virginia Foxx,R,,Democrat Kyle Parrish,Republican Virginia Foxx,A Democratic Candidate,0,Democrat Kyle Parrish,1,,,,,,,,,A Republican Candidate,0,Republican Virginia Foxx,1,,,,,,,,,,,,
NC_006,house,Democrat Kathy Manning,D,,Democrat Kathy Manning,Republican Christian Castelli,A Democratic Candidate,0,Democrat Kathy Manning,1,,,,,,,,,A Republican Candidate,0,Republican Christian Castelli,1,,,,,,,,,,,,
NC_007,house,Republican David Rouzer,R,,Democrat Charles Evans,Republican David Rouzer,A Democratic Candidate,0.7,Democrat Steve Miller,0.1,Democrat Charles Evans,0.2,,,,,,,A Republican Candidate,0,Republican David Rouzer,1,,,,,,,,,,,,
NC_008,house,Republican Dan Bishop,R,,Democrat Scott Huffman,Republican Dan Bishop,A Democratic Candidate,0,Democrat Scott Huffman,1,,,,,,,,,A Republican Candidate,0,Republican Dan Bishop,1,,,,,,,,,,,,
NC_009,house,Republican Richard Hudson,R,,Democrat Ben Clark,Republican Richard Hudson,A Democratic Candidate,0,Democrat Ben Clark,1,,,,,,,,,A Republican Candidate,0,Republican Richard Hudson,1,,,,,,,,,,,,
NC_010,house,Republican Patrick McHenry,R,,Democrat Pam Genant,Republican Patrick McHenry,A Democratic Candidate,0,Democrat Pam Genant,1,,,,,,,,,A Republican Candidate,0,Republican Patrick McHenry,1,,,,,,,,,,,,
NC_011,house,Republican Madison Cawthorn,R,,Democrat Jasmine Beach-Ferrara,Republican Chuck Edwards,A Democratic Candidate,0,Democrat Jasmine Beach-Ferrara,1,,,,,,,,,A Republican Candidate,0,Republican Chuck Edwards,1,,,,,,,,,,,,
NC_012,house,Democrat Alma Adams,D,,Democrat Alma Adams,Republican Tyler Lee,A Democratic Candidate,0,Democrat Alma Adams,1,,,,,,,,,A Republican Candidate,0,Republican Tyler Lee,1,,,,,,,,,,,,
NC_013,house,Republican Ted Budd,R,1,Democrat Wiley Nickel,Republican Bo Hines,A Democratic Candidate,0,Democrat Wiley Nickel,1,,,,,,,,,A Republican Candidate,0,Republican Bo Hines,1,,,,,,,,,,,,
NC_014,house,,,,Democrat Jeff Jackson,Republican Pat Harrigan,A Democratic Candidate,0,Democrat Jeff Jackson,1,,,,,,,,,A Republican Candidate,0,Republican Pat Harrigan,1,,,,,,,,,,,,
ND_001,house,Republican Kelly Armstrong,R,,Democrat Zach Raknerud,Republican Kelly Armstrong,A Democratic Candidate,1,Democrat Zach Raknerud,0,,,,,,,,,A Republican Candidate,0.2,Republican Kelly Armstrong,0.8,,,,,,,,,,,,
NE_001,house,,,1,Democrat Patty Pansing Brooks,Republican Mike Flood,A Democratic Candidate,0,Democrat Patty Pansing Brooks,1,,,,,,,,,A Republican Candidate,0,Republican Mike Flood,1,,,,,,,,,,,,
NE_002,house,Republican Don Bacon,R,,Democrat Tony Vargas,Republican Don Bacon,A Democratic Candidate,0,Democrat Tony Vargas,1,,,,,,,,,A Republican Candidate,0,Republican Don Bacon,1,,,,,,,,,,,,
NE_003,house,Republican Adrian Smith,R,,Democrat David Else,Republican Adrian Smith,A Democratic Candidate,0,Democrat David Else,1,,,,,,,,,A Republican Candidate,0,Republican Adrian Smith,1,,,,,,,,,,,,
NH_001,house,Democrat Chris Pappas,D,,Democrat Chris Pappas,Republican Matt Mowers,A Democratic Candidate,0.2,Democrat Chris Pappas,0.8,,,,,,,,,A Republican Candidate,0.3,Republican Matt Mowers,0.4,Republican Julian Acciard,0.1,Republican Karoline Leavitt,0.1,Republican Tim Baxter,0.1,Republican Gail Huff Brown,0.3,,,,
NH_002,house,Democrat Ann Kuster,D,,Democrat Ann Kuster,Republican Jeff Cozzens,A Democratic Candidate,0.2,Democrat Ann Kuster,0.8,,,,,,,,,A Republican Candidate,0.8,Republican Jeff Cozzens,0.2,,,,,,,,,,,,
NJ_001,house,Democrat Donald Norcross,D,,Democrat Donald Norcross,Republican Claire Gustafson,A Democratic Candidate,0,Democrat Donald Norcross,1,,,,,,,,,A Republican Candidate,0,Republican Claire Gustafson,1,,,,,,,,,,,,
NJ_002,house,Republican Jefferson Van Drew,R,,Democrat Tim Alexander,Republican Jefferson Van Drew,A Democratic Candidate,0.8,Democrat Tim Alexander,0.2,,,,,,,,,A Republican Candidate,0,Republican Jefferson Van Drew,1,,,,,,,,,,,,
NJ_003,house,Democrat Andy Kim,D,,Democrat Andy Kim,Republican Robert Healey,A Democratic Candidate,0,Democrat Andy Kim,1,,,,,,,,,A Republican Candidate,0.4,Republican Robert Healey,0.3,Republican Matthew Lotano,0.1,Republican Serena DiMaso,0.1,Republican Tricia Flanagan,0.1,,,,,,
NJ_004,house,Republican Chris Smith,R,,Democrat Matthew Jenkins,Republican Chris Smith,A Democratic Candidate,0,Democrat Matthew Jenkins,1,,,,,,,,,A Republican Candidate,0,Republican Chris Smith,1,,,,,,,,,,,,
NJ_005,house,Democrat Josh Gottheimer,D,,Democrat Josh Gottheimer,Republican Frank Pallotta,A Democratic Candidate,0,Democrat Josh Gottheimer,1,,,,,,,,,A Republican Candidate,0.5,Republican Frank Pallotta,0.4,Republican Nick DeGregorio,0.1,,,,,,,,,,
NJ_006,house,Democrat Frank Pallone,D,,Democrat Frank Pallone,Republican Sue Kiley,A Democratic Candidate,0,Democrat Frank Pallone,1,,,,,,,,,A Republican Candidate,0,Republican Sue Kiley,1,,,,,,,,,,,,
NJ_007,house,Democrat Tom Malinowski,D,,Democrat Tom Malinowski,Republican Tom Kean Jr,A Democratic Candidate,0,Democrat Tom Malinowski,1,,,,,,,,,A Republican Candidate,0,Republican Tom Kean Jr,1,,,,,,,,,,,,
NJ_008,house,Democrat Albio Sires,D,1,Democrat Robert Menendez Jr.,Republican Marcos Arroyo,A Democratic Candidate,0,Democrat Robert Menendez Jr.,1,,,,,,,,,A Republican Candidate,0,Republican Marcos Arroyo,1,,,,,,,,,,,,
NJ_009,house,Democrat Bill Pascrell,D,,Democrat Bill Pascrell,Republican William Prempeh,A Democratic Candidate,0,Democrat Bill Pascrell,1,,,,,,,,,A Republican Candidate,0,Republican William Prempeh,1,,,,,,,,,,,,
NJ_010,house,Democrat Donald Payne,D,,Democrat Donald Payne,Republican David Pinckney,A Democratic Candidate,0,Democrat Donald Payne,1,,,,,,,,,A Republican Candidate,0,Republican David Pinckney,1,,,,,,,,,,,,
NJ_011,house,Democrat Mikie Sherrill,D,,Democrat Mikie Sherrill,Republican Christine Myers,A Democratic Candidate,0,Democrat Mikie Sherrill,1,,,,,,,,,A Republican Candidate,0.3,Republican Christine Myers,0.2,Republican Tayfun Selen,0.2,Republican Larry Casha,0.1,,,,,,,,
NJ_012,house,Democrat Bonnie Watson Coleman,D,,Democrat Bonnie Watson Coleman,Republican Darius Mayfield,A Democratic Candidate,0,Democrat Bonnie Watson Coleman,1,,,,,,,,,A Republican Candidate,0,Republican Darius Mayfield,1,,,,,,,,,,,,
NM_001,house,Democrat Melanie Stansbury,D,,Democrat Melanie Stansbury,Republican Michelle Holmes,A Democratic Candidate,0,Democrat Melanie Stansbury,1,,,,,,,,,A Republican Candidate,0.8,Republican Michelle Holmes,0.2,,,,,,,,,Libertarian Chris Manning,Independent Aubrey Dunn Jr.,,
NM_002,house,Republican Yvette Herrell,R,,Democrat Gabe Vasquez,Republican Yvette Herrell,A Democratic Candidate,0,Democrat Gabe Vasquez,1,,,,,,,,,A Republican Candidate,0,Republican Yvette Herrell,1,,,,,,,,,,,,
NM_003,house,Democrat Teresa Leger Fernandez,D,,Democrat Teresa Leger Fernandez,Republican Alexis Johnson,A Democratic Candidate,0,Democrat Teresa Leger Fernandez,1,,,,,,,,,A Republican Candidate,0,Republican Alexis Johnson,1,,,,,,,,,,,,
NV_001,house,Democrat Dina Titus,D,,Democrat Dina Titus,Republican Cresent Hardy,A Democratic Candidate,0.2,Democrat Dina Titus,0.8,,,,,,,,,A Republican Candidate,0.4,Republican David Brog,0.2,Republican Cresent Hardy,0.4,,,,,,,,,,
NV_002,house,Republican Mark Amodei,R,,Democrat Aaron Sims,Republican Mark Amodei,A Democratic Candidate,0.8,Democrat Aaron Sims,0.2,,,,,,,,,A Republican Candidate,0.2,Republican Mark Amodei,0.7,Republican Danny Tarkanian,0.1,,,,,,,,,,
NV_003,house,Democrat Susie Lee,D,,Democrat Susie Lee,Republican April Becker,A Democratic Candidate,0.2,Democrat Susie Lee,0.8,,,,,,,,,A Republican Candidate,0.8,Republican April Becker,0.2,,,,,,,,,,,,
NV_004,house,Democrat Steven Horsford,D,,Democrat Steven Horsford,Republican Sam Peters,A Democratic Candidate,0.2,Democrat Steven Horsford,0.8,,,,,,,,,A Republican Candidate,0.5,Republican Sam Peters,0.3,Republican Annie Black,0.2,,,,,,,,,,
NY_001,house,Republican Lee Zeldin,R,1,Democrat Kara Hahn,Republican Nick LaLota,A Democratic Candidate,0.3,Democrat Bridget Fleming,0.1,Democrat Kara Hahn,0.3,Democrat Jackie Gordon,0.3,,,,,A Republican Candidate,0.7,Republican Nick LaLota,0.3,,,,,,,,,,,,
NY_002,house,Republican Andrew Garbarino,R,,Democrat Michael Sax,Republican Andrew Garbarino,A Democratic Candidate,0.8,Democrat Michael Sax,0.2,,,,,,,,,A Republican Candidate,0.2,Republican Andrew Garbarino,0.8,,,,,,,,,,,,
NY_003,house,Democrat Thomas Suozzi,D,1,Democrat Jon Kaiman,Republican George Santos,A Democratic Candidate,0.2,Democrat Jon Kaiman,0.2,Democrat Josh Lafazan,0.1,Democrat Melanie D'Arrigo,0.2,Democrat Alessandra Biaggi,0.2,Democrat Robert Zimmerman,0.1,A Republican Candidate,0.6,Republican George Santos,0.2,Republican Curtis Sliwa,0.2,,,,,,,,,,
NY_004,house,Democrat Kathleen Rice,D,1,Democrat Laura Curran,Republican Bill Staniford,A Democratic Candidate,0.2,Democrat Laura Curran,0.2,Democrat Laura Gillen,0.2,Democrat Carrié Solages,0.2,Democrat Siela Bynoe,0.2,,,A Republican Candidate,0.8,Republican Bill Staniford,0.2,,,,,,,,,,,,
NY_005,house,Democrat Gregory Meeks,D,,Democrat Gregory Meeks,Republican Amit Lal,A Democratic Candidate,0.2,Democrat Gregory Meeks,0.8,,,,,,,,,A Republican Candidate,0.8,Republican Amit Lal,0.2,,,,,,,,,,,,
NY_006,house,Democrat Grace Meng,D,,Democrat Grace Meng,Republican Jesus Gonzalez,A Democratic Candidate,0.2,Democrat Grace Meng,0.8,,,,,,,,,A Republican Candidate,0.8,Republican Jesus Gonzalez,0.2,,,,,,,,,,,,
NY_007,house,Democrat Nydia Velázquez,D,,Democrat Nydia Velázquez,Republican Brian Kelly,A Democratic Candidate,0.2,Democrat Nydia Velázquez,0.8,,,,,,,,,A Republican Candidate,1,Republican Brian Kelly,0,,,,,,,,,,,Independent Grace Smith,Independent John Jones
NY_008,house,Democrat Hakeem Jeffries,D,,Democrat Hakeem Jeffries,Republican Garfield Wallace,A Democratic Candidate,0.2,Democrat Hakeem Jeffries,0.8,,,,,,,,,A Republican Candidate,1,Republican Garfield Wallace,0,,,,,,,,,,,,
NY_009,house,Democrat Yvette Clarke,D,,Democrat Yvette Clarke,Republican Constantine Jean-Pierre,A Democratic Candidate,0.2,Democrat Yvette Clarke,0.8,,,,,,,,,A Republican Candidate,1,Republican Constantine Jean-Pierre,0,,,,,,,,,,,,
NY_010,house,Democrat Jerrold Nadler,D,,Democrat Jerrold Nadler,Republican Helen Jiang Qiu,A Democratic Candidate,0.2,Democrat Jerrold Nadler,0.8,,,,,,,,,A Republican Candidate,0.8,Republican Helen Jiang Qiu,0.2,,,,,,,,,,,,
NY_011,house,Republican Nicole Malliotakis,R,,Democrat Max Rose,Republican Nicole Malliotakis,A Democratic Candidate,0.29,Democrat Max Rose,0.7,Democrat Ramos DeBarros,0.01,,,,,,,A Republican Candidate,0.2,Republican Nicole Malliotakis,0.8,,,,,,,,,,,,
NY_012,house,Democrat Carolyn Maloney,D,,Democrat Carolyn Maloney,Republican Michael Zumbluskas,A Democratic Candidate,0.2,Democrat Carolyn Maloney,0.5,Democrat Suraj Patel,0.1,Democrat Rana Abdelhamid,0.1,Democrat Maya Contreras,0.1,,,A Republican Candidate,0.8,Republican Michael Zumbluskas,0.2,,,,,,,,,,,,
NY_013,house,Democrat Adriano Espaillat,D,,Democrat Adriano Espaillat,Republican Lovelynn Gwinn,A Democratic Candidate,0.2,Democrat Adriano Espaillat,0.8,,,,,,,,,A Republican Candidate,1,Republican Lovelynn Gwinn,0,,,,,,,,,,,,
NY_014,house,Democrat Alexandria Ocasio-Cortez,D,,Democrat Alexandria Ocasio-Cortez,Republican Tina Forte,A Democratic Candidate,0.2,Democrat Alexandria Ocasio-Cortez,0.8,,,,,,,,,A Republican Candidate,0.8,Republican Tina Forte,0.2,,,,,,,,,,,,
NY_015,house,Democrat Ritchie Torres,D,,Democrat Ritchie Torres,Republican Patrick Delices,A Democratic Candidate,0.2,Democrat Ritchie Torres,0.8,,,,,,,,,A Republican Candidate,1,Republican Patrick Delices,0,,,,,,,,,,,,
NY_016,house,Democrat Jamaal Bowman,D,,Democrat Jamaal Bowman,Republican Patrick Delices,A Democratic Candidate,0.2,Democrat Jamaal Bowman,0.7,Democrat Vedat Gashi,0.1,,,,,,,A Republican Candidate,0.8,Republican Patrick Delices,0.2,,,,,,,,,,,,
NY_017,house,Democrat Mondaire Jones,D,,Democrat Mondaire Jones,Republican Maureen McArdle Schulman,A Democratic Candidate,0.2,Democrat Mondaire Jones,0.8,,,,,,,,,A Republican Candidate,1,Republican Maureen McArdle Schulman,0,,,,,,,,,,,,
NY_018,house,Democrat Sean Maloney,D,,Democrat Sean Maloney,Republican Colin Schmitt,A Democratic Candidate,0.2,Democrat Sean Maloney,0.8,,,,,,,,,A Republican Candidate,0.6,Republican Colin Schmitt,0.4,,,,,,,,,,,,
NY_019,house,Democrat Antonio Delgado,D,,Democrat Antonio Delgado,Republican Marc Molinaro,A Democratic Candidate,0.2,Democrat Antonio Delgado,0.8,,,,,,,,,A Republican Candidate,0.6,Republican Marc Molinaro,0.4,,,,,,,,,,,,
NY_020,house,Democrat Paul Tonko,D,,Democrat Paul Tonko,Republican Elizabeth Joy,A Democratic Candidate,0.2,Democrat Paul Tonko,0.8,,,,,,,,,A Republican Candidate,0.8,Republican Elizabeth Joy,0.2,,,,,,,,,,,,
NY_021,house,Republican Elise Stefanik,R,,Democrat Matt Putorti,Republican Elise Stefanik,A Democratic Candidate,0.5,Democrat Matt Putorti,0.2,Democrat Matt Castelli,0.2,,,,,,,A Republican Candidate,0.2,Republican Elise Stefanik,0.8,,,,,,,,,,,,
NY_022,house,Republican John Katko,R,1,Democrat Francis Conole,Republican Tim Ko,A Democratic Candidate,0.4,Democrat Francis Conole,0.2,Democrat Josh Riley,0.2,Democrat Vanessa Fajans-Turner,0.2,,,,,A Republican Candidate,0.4,Republican Tim Ko,0.6,,,,,,,,,,,,
NY_023,house,Republican Claudia Tenney,R,,Democrat Anthony Brindisi,Republican Claudia Tenney,A Democratic Candidate,1,Democrat Anthony Brindisi,0,,,,,,,,,A Republican Candidate,0.2,Republican Claudia Tenney,0.8,,,,,,,,,,,,
NY_024,house,Republican Chris Jacobs,R,,Democrat Steven Holden,Republican Chris Jacobs,A Democratic Candidate,0.7,Democrat Steven Holden,0.1,Democrat Sarah Klee Hood,0.1,Democrat Chol Majok,0.1,,,,,A Republican Candidate,0.2,Republican Chris Jacobs,0.8,,,,,,,,,,,,
NY_025,house,Democrat Joseph Morelle,D,,Democrat Joseph Morelle,Republican La'Ron Singletary,A Democratic Candidate,0.2,Democrat Joseph Morelle,0.8,,,,,,,,,A Republican Candidate,0.8,Republican La'Ron Singletary,0.2,,,,,,,,,,,,
NY_026,house,Democrat Brian Higgins,D,,Democrat Brian Higgins,Republican Steven Sams,A Democratic Candidate,0.2,Democrat Brian Higgins,0.8,,,,,,,,,A Republican Candidate,0.8,Republican Steven Sams,0.2,,,,,,,,,,,,
OH_001,house,Republican Steve Chabot,R,,Democrat Greg Landsman,Republican Steve Chabot,A Democratic Candidate,0,Democrat Greg Landsman,1,,,,,,,,,A Republican Candidate,0,Republican Steve Chabot,1,,,,,,,,,,,,
OH_002,house,Republican Brad Wenstrup,R,,Democrat Samantha Meadows,Republican Brad Wenstrup,A Democratic Candidate,0,Democrat Samantha Meadows,1,,,,,,,,,A Republican Candidate,0,Republican Brad Wenstrup,1,,,,,,,,,,,,
OH_003,house,Democrat Joyce Beatty,D,,Democrat Joyce Beatty,Republican Lee Stahley,A Democratic Candidate,0,Democrat Joyce Beatty,1,,,,,,,,,A Republican Candidate,0,Republican Lee Stahley,1,,,,,,,,,,,,
OH_004,house,Republican Jim Jordan,R,,Democrat Tamie Wilson,Republican Jim Jordan,A Democratic Candidate,0,Democrat Tamie Wilson,1,,,,,,,,,A Republican Candidate,0,Republican Jim Jordan,1,,,,,,,,,,,,
OH_005,house,Republican Robert Latta,R,,Democrat Craig Swartz,Republican Robert Latta,A Democratic Candidate,0,Democrat Craig Swartz,1,,,,,,,,,A Republican Candidate,0,Republican Robert Latta,1,,,,,,,,,,,,
OH_006,house,Republican Bill Johnson,R,,Democrat Lou Lyras,Republican Bill Johnson,A Democratic Candidate,0,Democrat Lou Lyras,1,,,,,,,,,A Republican Candidate,0,Republican Bill Johnson,1,,,,,,,,,,,,
OH_007,house,Republican Bob Gibbs,R,1,Democrat Matthew Diemer,Republican Max Miller,A Democratic Candidate,0,Democrat Matthew Diemer,1,,,,,,,,,A Republican Candidate,0,Republican Max Miller,1,,,,,,,,,,,,
OH_008,house,Republican Warren Davidson,R,,Democrat Vanessa Enoch,Republican Warren Davidson,A Democratic Candidate,0,Democrat Vanessa Enoch,1,,,,,,,,,A Republican Candidate,0,Republican Warren Davidson,1,,,,,,,,,,,,
OH_009,house,Democrat Marcy Kaptur,D,,Democrat Marcy Kaptur,Republican J.R. Majewski,A Democratic Candidate,0,Democrat Marcy Kaptur,1,,,,,,,,,A Republican Candidate,0,Republican J.R. Majewski,1,,,,,,,,,,,,
OH_010,house,Republican Michael Turner,R,,Democrat David Esrati,Republican Michael Turner,A Democratic Candidate,0,Democrat David Esrati,1,,,,,,,,,A Republican Candidate,0,Republican Michael Turner,1,,,,,,,,,,,,
OH_011,house,Democrat Shontel Brown,D,,Democrat Shontel Brown,Republican Eric Brewer,A Democratic Candidate,0,Democrat Shontel Brown,1,,,,,,,,,A Republican Candidate,0,Republican Eric Brewer,1,,,,,,,,,,,,
OH_012,house,Republican Troy Balderson,R,,Democrat Amy Rippel-Elton,Republican Troy Balderson,A Democratic Candidate,0,Democrat Amy Rippel-Elton,1,,,,,,,,,A Republican Candidate,0,Republican Troy Balderson,1,,,,,,,,,,,,
OH_013,house,Democrat Tim Ryan,D,1,Democrat Emilia Sykes,Republican Madison Gilbert,A Democratic Candidate,0,Democrat Emilia Sykes,1,,,,,,,,,A Republican Candidate,0,Republican Madison Gilbert,1,,,,,,,,,,,,
OH_014,house,Republican David Joyce,R,,Democrat Matt Kilboy,Republican David Joyce,A Democratic Candidate,0,Democrat Matt Kilboy,1,,,,,,,,,A Republican Candidate,0,Republican David Joyce,1,,,,,,,,,,,,
OH_015,house,Republican Mike Carey,R,,Democrat Gary Josephson,Republican Mike Carey,A Democratic Candidate,0,Democrat Gary Josephson,1,,,,,,,,,A Republican Candidate,0,Republican Mike Carey,1,,,,,,,,,,,,
OK_001,house,Republican Kevin Hern,R,,Democrat Adam Martin,Republican Kevin Hern,A Democratic Candidate,1,Democrat Adam Martin,0.2,,,,,,,,,A Republican Candidate,0.1,Republican Kevin Hern,0.9,,,,,,,,,,,,
OK_002,house,Republican Markwayne Mullin,R,1,Democrat Danyell Lanier,Republican Charles McCall,A Democratic Candidate,1,Democrat Danyell Lanier,0,,,,,,,,,A Republican Candidate,0.1,Republican Charles McCall,0.2,Republican Marty Quinn,0.2,Republican Chris Schiller,0.2,Republican Johnny Teehee,0.2,Republican Avery Frix,0.1,,,,
OK_003,house,Republican Frank Lucas,R,,Democrat Zoe Midyett,Republican Frank Lucas,A Democratic Candidate,1,Democrat Zoe Midyett,0,,,,,,,,,A Republican Candidate,0.2,Republican Frank Lucas,0.8,,,,,,,,,,,,
OK_004,house,Republican Tom Cole,R,,Democrat Mary Brannon,Republican Tom Cole,A Democratic Candidate,1,Democrat Mary Brannon,0,,,,,,,,,A Republican Candidate,0.2,Republican Tom Cole,0.8,,,,,,,,,,,,
OK_005,house,Republican Stephanie Bice,R,,Democrat Kendra Horn,Republican Stephanie Bice,A Democratic Candidate,0.5,Democrat Kendra Horn,0.5,,,,,,,,,A Republican Candidate,0.2,Republican Stephanie Bice,0.8,,,,,,,,,,,,
OR_001,house,Democrat Suzanne Bonamici,D,,Democrat Suzanne Bonamici,Republican Christopher Mann,A Democratic Candidate,0,Democrat Suzanne Bonamici,1,,,,,,,,,A Republican Candidate,0,Republican Christopher Mann,1,,,,,,,,,,,,
OR_002,house,Republican Cliff Bentz,R,,Democrat Joseph Yetter,Republican Cliff Bentz,A Democratic Candidate,0,Democrat Joseph Yetter,1,,,,,,,,,A Republican Candidate,0,Republican Cliff Bentz,1,,,,,,,,,,,,
OR_003,house,Democrat Earl Blumenauer,D,,Democrat Earl Blumenauer,Republican Joanna Harbour,A Democratic Candidate,0,Democrat Earl Blumenauer,1,,,,,,,,,A Republican Candidate,0,Republican Joanna Harbour,1,,,,,,,,,,,,
OR_004,house,Democrat Peter DeFazio,D,1,Democrat Val Hoyle,Republican Alek Skarlatos,A Democratic Candidate,0,Democrat Val Hoyle,1,,,,,,,,,A Republican Candidate,0,Republican Alek Skarlatos,1,,,,,,,,,,,,
OR_005,house,Democrat Kurt Schrader,D,,Democrat Kurt Schrader,Republican Lori Chavez-DeRemer,A Democratic Candidate,0.2,Democrat Kurt Schrader,0.4,Democrat Jamie McLeod-Skinner,0.4,,,,,,,A Republican Candidate,0.8,Republican Lori Chavez-DeRemer,0.1,Republican Jimmy Crumpacker,0.1,,,,,,,,,,
OR_006,house,,,,Democrat Andrea Salinas,Republican Amy Ryan Courser,A Democratic Candidate,0,Democrat Andrea Salinas,1,,,,,,,,,A Republican Candidate,0.3,Republican Amy Ryan Courser,0.4,Republican Ron Noble,0.2,Republican Nate Sandvig,0.1,,,,,,,,
PA_001,house,Republican Brian Fitzpatrick,R,,Democrat Ashley Ehasz,Republican Brian Fitzpatrick,A Democratic Candidate,0,Democrat Ashley Ehasz,1,,,,,,,,,A Republican Candidate,0,Republican Brian Fitzpatrick,1,,,,,,,,,,,,
PA_002,house,Democrat Brendan Boyle,D,,Democrat Brendan Boyle,Republican Aaron Bashir,A Democratic Candidate,0,Democrat Brendan Boyle,1,,,,,,,,,A Republican Candidate,0,Republican Aaron Bashir,1,,,,,,,,,,,,
PA_003,house,Democrat Dwight Evans,D,,Democrat Dwight Evans,Republican Michael Harvey,A Democratic Candidate,0,Democrat Dwight Evans,1,,,,,,,,,A Republican Candidate,1,Republican Michael Harvey,0,,,,,,,,,,,,
PA_004,house,Democrat Madeleine Dean,D,,Democrat Madeleine Dean,Republican Christian Nascimento,A Democratic Candidate,0,Democrat Madeleine Dean,1,,,,,,,,,A Republican Candidate,0,Republican Christian Nascimento,1,,,,,,,,,,,,
PA_005,house,Democrat Mary Scanlon,D,,Democrat Mary Scanlon,Republican David Galluch,A Democratic Candidate,0,Democrat Mary Scanlon,1,,,,,,,,,A Republican Candidate,0,Republican David Galluch,1,,,,,,,,,,,,
PA_006,house,Democrat Chrissy Houlahan,D,,Democrat Chrissy Houlahan,Republican Guy Ciarrocchi,A Democratic Candidate,0,Democrat Chrissy Houlahan,1,,,,,,,,,A Republican Candidate,0,Republican Guy Ciarrocchi,1,,,,,,,,,,,,
PA_007,house,Democrat Susan Wild,D,,Democrat Susan Wild,Republican Lisa Scheller,A Democratic Candidate,0,Democrat Susan Wild,1,,,,,,,,,A Republican Candidate,0,Republican Lisa Scheller,1,,,,,,,,,,,,
PA_008,house,Democrat Matt Cartwright,D,,Democrat Matt Cartwright,Republican Jim Bognet,A Democratic Candidate,0,Democrat Matt Cartwright,1,,,,,,,,,A Republican Candidate,0,Republican Jim Bognet,1,,,,,,,,,,,,
PA_009,house,Republican Daniel Meuser,R,,Democrat Anna Waldman,Republican Daniel Meuser,A Democratic Candidate,0,Democrat Anna Waldman,1,,,,,,,,,A Republican Candidate,0,Republican Daniel Meuser,1,,,,,,,,,,,,
PA_010,house,Republican Scott Perry,R,,Democrat Shamaine Daniels,Republican Scott Perry,A Democratic Candidate,0,Democrat Shamaine Daniels,1,,,,,,,,,A Republican Candidate,0,Republican Scott Perry,1,,,,,,,,,,,,
PA_011,house,Republican Lloyd Smucker,R,,Democrat Robert Hollister,Republican Lloyd Smucker,A Democratic Candidate,0,Democrat Robert Hollister,1,,,,,,,,,A Republican Candidate,0,Republican Lloyd Smucker,1,,,,,,,,,,,,
PA_012,house,Democrat Michael Doyle,D,1,Democrat Summer Lee,Republican Mike Doyle,A Democratic Candidate,0,Democrat Summer Lee,1,,,,,,,,,A Republican Candidate,1,Republican Mike Doyle,0,,,,,,,,,,,,
PA_013,house,Republican John Joyce,R,,Democrat Raymond Rowley,Republican John Joyce,A Democratic Candidate,1,Democrat Raymond Rowley,0,,,,,,,,,A Republican Candidate,0,Republican John Joyce,1,,,,,,,,,,,,
PA_014,house,Republican Guy Reschenthaler,R,,Democrat William Marx,Republican Guy Reschenthaler,A Democratic Candidate,1,Democrat William Marx,0,,,,,,,,,A Republican Candidate,0,Republican Guy Reschenthaler,1,,,,,,,,,,,,
PA_015,house,Republican Glenn Thompson,R,,Democrat Robert Williams,Republican Glenn Thompson,A Democratic Candidate,1,Democrat Robert Williams,0,,,,,,,,,A Republican Candidate,0,Republican Glenn Thompson,1,,,,,,,,,,,,
PA_016,house,Republican Mike Kelly,R,,Democrat Dan Pastore,Republican Mike Kelly,A Democratic Candidate,0,Democrat Dan Pastore,1,,,,,,,,,A Republican Candidate,0,Republican Mike Kelly,1,,,,,,,,,,,,
PA_017,house,Democrat Conor Lamb,D,1,Democrat Chris Deluzio,Republican Jeremy Shaffer,A Democratic Candidate,0,Democrat Chris Deluzio,1,,,,,,,,,A Republican Candidate,0,Republican Jeremy Shaffer,1,,,,,,,,,,,,
RI_001,house,Democrat David Cicilline,D,,Democrat David Cicilline,Republican Allen Waters,A Democratic Candidate,0.2,Democrat David Cicilline,0.8,,,,,,,,,A Republican Candidate,0.8,Republican Allen Waters,0.2,,,,,,,,,,,,
RI_002,house,Democrat Jim Langevin,D,1,Democrat Seth Magaziner,Republican Allan Fung,A Democratic Candidate,0.2,Democrat Seth Magaziner,0.4,Democrat Ed Pacheco,0.2,Democrat Sarah Morgenthau,0.1,Democrat David Segal,0.1,,,A Republican Candidate,0.7,Republican Allan Fung,0.3,,,,,,,,,,,,
SC_001,house,Republican Nancy Mace,R,,Democrat Annie Andrews,Republican Nancy Mace,A Democratic Candidate,0.6,Democrat Annie Andrews,0.4,,,,,,,,,A Republican Candidate,0.2,Republican Nancy Mace,0.5,Republican Katie Arrington,0.3,,,,,,,,,,
SC_002,house,Republican Joe Wilson,R,,Democrat Juddson Larkins,Republican Joe Wilson,A Democratic Candidate,0.8,Democrat Juddson Larkins,0.2,,,,,,,,,A Republican Candidate,0.2,Republican Joe Wilson,0.8,,,,,,,,,,,,
SC_003,house,Republican Jeff Duncan,R,,Democrat Hosea Cleveland,Republican Jeff Duncan,A Democratic Candidate,1,Democrat Hosea Cleveland,0,,,,,,,,,A Republican Candidate,0.2,Republican Jeff Duncan,0.8,,,,,,,,,,,,
SC_004,house,Republican William Timmons,R,,Democrat Justin Bennett,Republican William Timmons,A Democratic Candidate,0.8,Democrat Justin Bennett,0.2,,,,,,,,,A Republican Candidate,0.2,Republican William Timmons,0.8,,,,,,,,,,,,
SC_005,house,Republican Ralph Norman,R,,Democrat Kevin Eckert,Republican Ralph Norman,A Democratic Candidate,0.8,Democrat Kevin Eckert,0.2,,,,,,,,,A Republican Candidate,0.2,Republican Ralph Norman,0.8,,,,,,,,,,,,
SC_006,house,Democrat Jim Clyburn,D,,Democrat Jim Clyburn,Republican John Chapman,A Democratic Candidate,0.2,Democrat Jim Clyburn,0.8,,,,,,,,,A Republican Candidate,0.8,Republican John Chapman,0.2,,,,,,,,,,,,
SC_007,house,Republican Tom Rice,R,,Democrat Ryan Norris,Republican Tom Rice,A Democratic Candidate,0.8,Democrat Ryan Norris,0.2,,,,,,,,,A Republican Candidate,0.2,Republican Tom Rice,0.4,Republican Russell Fry,0.3,Republican Ken Richardson,0.05,Republican William Bailey,0.05,,,,,,
SD_001,house,Republican Dusty Johnson,R,,Democrat Ryan Ryder,Republican Dusty Johnson,A Democratic Candidate,1,Democrat Ryan Ryder,0,,,,,,,,,A Republican Candidate,0,Republican Dusty Johnson,1,,,,,,,,,,,,
TN_001,house,Republican Diana Harshbarger,R,,Democrat Cameron Parsons,Republican Diana Harshbarger,A Democratic Candidate,0.8,Democrat Cameron Parsons,0.2,,,,,,,,,A Republican Candidate,0.2,Republican Diana Harshbarger,0.8,,,,,,,,,,,,
TN_002,house,Republican Tim Burchett,R,,Democrat Mark Harmon,Republican Tim Burchett,A Democratic Candidate,0.8,Democrat Mark Harmon,0.2,,,,,,,,,A Republican Candidate,0.2,Republican Tim Burchett,0.8,,,,,,,,,,,,
TN_003,house,Republican Chuck Fleischmann,R,,Democrat Matt Adams,Republican Chuck Fleischmann,A Democratic Candidate,0.8,Democrat Matt Adams,0.2,,,,,,,,,A Republican Candidate,0.2,Republican Chuck Fleischmann,0.8,,,,,,,,,,,,
TN_004,house,Republican Scott DesJarlais,R,,Democrat Christopher Hale,Republican Scott DesJarlais,A Democratic Candidate,1,Democrat Christopher Hale,0,,,,,,,,,A Republican Candidate,0.2,Republican Scott DesJarlais,0.8,,,,,,,,,,,,
TN_005,house,Democrat Jim Cooper,D,1,Democrat Heidi Campbell,Republican Beth Harwell,A Democratic Candidate,0.8,Democrat Heidi Campbell,0.2,,,,,,,,,A Republican Candidate,0.2,Republican Beth Harwell,0.4,Republican Andy Ogles,0.2,Republican Kurt Winstead,0.2,,,,,,,,
TN_006,house,Republican John Rose,R,,Democrat Christopher Finley,Republican John Rose,A Democratic Candidate,1,Democrat Christopher Finley,0,,,,,,,,,A Republican Candidate,0.2,Republican John Rose,0.8,,,,,,,,,,,,
TN_007,house,Republican Mark Green,R,,Democrat Odessa Kelly,Republican Mark Green,A Democratic Candidate,0.8,Democrat Odessa Kelly,0.2,,,,,,,,,A Republican Candidate,0.2,Republican Mark Green,0.8,,,,,,,,,,,,
TN_008,house,Republican David Kustoff,R,,Democrat Erika Pearson,Republican David Kustoff,A Democratic Candidate,1,Democrat Erika Pearson,0,,,,,,,,,A Republican Candidate,0.2,Republican David Kustoff,0.8,,,,,,,,,,,,
TN_009,house,Democrat Steve Cohen,D,,Democrat Steve Cohen,Republican Charles Dudley,A Democratic Candidate,0.2,Democrat Steve Cohen,0.8,,,,,,,,,A Republican Candidate,0.8,Republican Charles Dudley,0.2,,,,,,,,,,,,
TX_001,house,Republican Louie Gohmert,R,1,Democrat JJ Jefferson,Republican Nathaniel Moran,A Democratic Candidate,0,Democrat JJ Jefferson,1,,,,,,,,,A Republican Candidate,0,Republican Nathaniel Moran,1,,,,,,,,,,,,
TX_002,house,Republican Dan Crenshaw,R,,Democrat Robin Fulford,Republican Dan Crenshaw,A Democratic Candidate,0,Democrat Robin Fulford,1,,,,,,,,,A Republican Candidate,0,Republican Dan Crenshaw,1,,,,,,,,,,,,
TX_003,house,Republican Van Taylor,R,,Democrat Sandeep Stivastava,Republican Keith Self,A Democratic Candidate,0,Democrat Sandeep Stivastava,1,,,,,,,,,A Republican Candidate,0,Republican Keith Self,1,,,,,,,,,,,,
TX_004,house,Republican Pat Fallon,R,,Democrat Iro Omere,Republican Pat Fallon,A Democratic Candidate,0,Democrat Iro Omere,1,,,,,,,,,A Republican Candidate,0,Republican Pat Fallon,1,,,,,,,,,,,,
TX_005,house,Republican Lance Gooden,R,,Democrat Tartisha Hill,Republican Lance Gooden,A Democratic Candidate,0,Democrat Tartisha Hill,1,,,,,,,,,A Republican Candidate,0,Republican Lance Gooden,1,,,,,,,,,,,,
TX_006,house,Republican Jake Ellzey,R,,Democrat Jana Sanchez,Republican Jake Ellzey,A Democratic Candidate,1,Democrat Jana Sanchez,0,,,,,,,,,A Republican Candidate,0,Republican Jake Ellzey,1,,,,,,,,,,,,
TX_007,house,Democrat Lizzie Fletcher,D,,Democrat Lizzie Fletcher,Republican Johnny Teague,A Democratic Candidate,0,Democrat Lizzie Fletcher,1,,,,,,,,,A Republican Candidate,0,Republican Johnny Teague,1,,,,,,,,,,,,
TX_008,house,,,,Democrat Laura Jones,Republican Morgan Luttrell,A Democratic Candidate,0,Democrat Laura Jones,1,,,,,,,,,A Republican Candidate,0,Republican Morgan Luttrell,1,,,,,,,,,,,,
TX_009,house,Democrat Al Green,D,,Democrat Al Green,Republican Jimmy Leon,A Democratic Candidate,0,Democrat Al Green,1,,,,,,,,,A Republican Candidate,0,Republican Jimmy Leon,1,,,,,,,,,,,,
TX_010,house,Republican Michael McCaul,R,,Democrat Linda Nuno,Republican Michael McCaul,A Democratic Candidate,0,Democrat Linda Nuno,1,,,,,,,,,A Republican Candidate,0,Republican Michael McCaul,1,,,,,,,,,,,,
TX_011,house,Republican August Pfluger,R,,Democrat Jon Hogg,Republican August Pfluger,A Democratic Candidate,1,Democrat Jon Hogg,0,,,,,,,,,A Republican Candidate,0,Republican August Pfluger,1,,,,,,,,,,,,
TX_012,house,Republican Kay Granger,R,,Democrat Trey Hunt,Republican Kay Granger,A Democratic Candidate,0,Democrat Trey Hunt,1,,,,,,,,,A Republican Candidate,0,Republican Kay Granger,1,,,,,,,,,,,,
TX_013,house,Republican Ronny Jackson,R,,Democrat Kathleen Brown,Republican Ronny Jackson,A Democratic Candidate,0,Democrat Kathleen Brown,1,,,,,,,,,A Republican Candidate,0,Republican Ronny Jackson,1,,,,,,,,,,,,
TX_014,house,Republican Randy Weber,R,,Democrat Mikal Williams,Republican Randy Weber,A Democratic Candidate,0,Democrat Mikal Williams,1,,,,,,,,,A Republican Candidate,0,Republican Randy Weber,1,,,,,,,,,,,,
TX_015,house,,,,Democrat Michelle Vallejo,Republican Monica De La Cruz-Hernandez,A Democratic Candidate,0,Democrat Michelle Vallejo,0.7,Democrat Ruben Ramirez,0.3,,,,,,,A Republican Candidate,0,Republican Monica De La Cruz-Hernandez,1,,,,,,,,,,,,
TX_016,house,Democrat Veronica Escobar,D,,Democrat Veronica Escobar,Republican Irenearmendariz Jackson,A Democratic Candidate,0,Democrat Veronica Escobar,1,,,,,,,,,A Republican Candidate,0,Republican Irenearmendariz Jackson,1,,,,,,,,,,,,
TX_017,house,Republican Pete Sessions,R,,Democrat Mary Jo Woods,Republican Pete Sessions,A Democratic Candidate,0,Democrat Mary Jo Woods,1,,,,,,,,,A Republican Candidate,0,Republican Pete Sessions,1,,,,,,,,,,,,
TX_018,house,Democrat Sheila Jackson Lee,D,,Democrat Sheila Jackson Lee,Republican Carmen Montiel,A Democratic Candidate,0,Democrat Sheila Jackson Lee,1,,,,,,,,,A Republican Candidate,0,Republican Carmen Montiel,1,,,,,,,,,,,,
TX_019,house,Republican Jodey Arrington,R,,Democrat Tom Watson,Republican Jodey Arrington,A Democratic Candidate,1,Democrat Tom Watson,0,,,,,,,,,A Republican Candidate,0,Republican Jodey Arrington,1,,,,,,,,,,,,
TX_020,house,Democrat Joaquin Castro,D,,Democrat Joaquin Castro,Republican Kyle Sinclair,A Democratic Candidate,0,Democrat Joaquin Castro,1,,,,,,,,,A Republican Candidate,0,Republican Kyle Sinclair,1,,,,,,,,,,,,
TX_021,house,Republican Chip Roy,R,,Democrat Claudia Zapata,Republican Chip Roy,A Democratic Candidate,0,Democrat Claudia Zapata,1,,,,,,,,,A Republican Candidate,0,Republican Chip Roy,1,,,,,,,,,,,,
TX_022,house,Republican Troy Nehls,R,,Democrat Jamie Jordan,Republican Troy Nehls,A Democratic Candidate,0,Democrat Jamie Jordan,1,,,,,,,,,A Republican Candidate,0,Republican Troy Nehls,1,,,,,,,,,,,,
TX_023,house,Republican Tony Gonzales,R,,Democrat John Lira,Republican Tony Gonzales,A Democratic Candidate,0,Democrat John Lira,1,,,,,,,,,A Republican Candidate,0,Republican Tony Gonzales,1,,,,,,,,,,,,
TX_024,house,Republican Beth Van Duyne,R,,Democrat Jan McDowell,Republican Beth Van Duyne,A Democratic Candidate,0,Democrat Jan McDowell,1,,,,,,,,,A Republican Candidate,0,Republican Beth Van Duyne,1,,,,,,,,,,,,
TX_025,house,Republican Roger Williams,R,,Democrat Julie Oliver,Republican Roger Williams,A Democratic Candidate,1,Democrat Julie Oliver,0,,,,,,,,,A Republican Candidate,0,Republican Roger Williams,1,,,,,,,,,,,,
TX_026,house,Republican Michael Burgess,R,,Democrat Carol Iannuzzi,Republican Michael Burgess,A Democratic Candidate,1,Democrat Carol Iannuzzi,0,,,,,,,,,A Republican Candidate,0,Republican Michael Burgess,1,,,,,,,,,,,,
TX_027,house,Republican Michael Cloud,R,,Democrat Maclovio Perez,Republican Michael Cloud,A Democratic Candidate,0,Democrat Maclovio Perez,1,,,,,,,,,A Republican Candidate,0,Republican Michael Cloud,1,,,,,,,,,,,,
TX_028,house,Democrat Henry Cuellar,D,,Democrat Henry Cuellar,Republican Cassy Garcia,A Democratic Candidate,0,Democrat Henry Cuellar,0.6,Democrat Jessica Cisneros,0.4,,,,,,,A Republican Candidate,0,Republican Cassy Garcia,1,,,,,,,,,,,,
TX_029,house,Democrat Sylvia Garcia,D,,Democrat Sylvia Garcia,Republican Robert Schafranek,A Democratic Candidate,0,Democrat Sylvia Garcia,1,,,,,,,,,A Republican Candidate,0,Republican Robert Schafranek,1,,,,,,,,,,,,
TX_030,house,Democrat Eddie Bernice Johnson,D,1,Democrat Jasmine Crockett,Republican James Rodgers,A Democratic Candidate,0,Democrat Jasmine Crockett,1,,,,,,,,,A Republican Candidate,0,Republican James Rodgers,1,,,,,,,,,,,,
TX_031,house,Republican John Carter,R,,Democrat Donna Imam,Republican John Carter,A Democratic Candidate,1,Democrat Donna Imam,0,,,,,,,,,A Republican Candidate,0,Republican John Carter,1,,,,,,,,,,,,
TX_032,house,Democrat Colin Allred,D,,Democrat Colin Allred,Republican Antonio Swad,A Democratic Candidate,0,Democrat Colin Allred,1,,,,,,,,,A Republican Candidate,0,Republican Antonio Swad,1,,,,,,,,,,,,
TX_033,house,Democrat Marc Veasey,D,,Democrat Marc Veasey,Republican Patrick Gillespie,A Democratic Candidate,0,Democrat Marc Veasey,1,,,,,,,,,A Republican Candidate,0,Republican Patrick Gillespie,1,,,,,,,,,,,,
TX_034,house,Democrat Vicente Gonzalez,D,,Democrat Vicente Gonzalez,Republican Mayra Flores,A Democratic Candidate,0,Democrat Vicente Gonzalez,1,,,,,,,,,A Republican Candidate,0,Republican Mayra Flores,1,,,,,,,,,,,,
TX_035,house,,,,Democrat Greg Casar,Republican Dan McQueen,A Democratic Candidate,0,Democrat Greg Casar,1,,,,,,,,,A Republican Candidate,0,Republican Dan McQueen,1,,,,,,,,,,,,
TX_036,house,Republican Brian Babin,R,,Democrat Jon Haire,Republican Brian Babin,A Democratic Candidate,0,Democrat Jon Haire,1,,,,,,,,,A Republican Candidate,0,Republican Brian Babin,1,,,,,,,,,,,,
TX_037,house,Democrat Lloyd Doggett,D,,Democrat Lloyd Doggett,Republican Jenny Garcia Sharon,A Democratic Candidate,0,Democrat Lloyd Doggett,1,,,,,,,,,A Republican Candidate,0,Republican Jenny Garcia Sharon,1,,0.2,,,,,,,,,,
TX_038,house,,,,Democrat Duncan Klussmann,Republican Wesley Hunt,A Democratic Candidate,0,Democrat Duncan Klussmann,1,,,,,,,,,A Republican Candidate,0,Republican Wesley Hunt,1,,,,,,,,,,,,
UT_001,house,Republican Blake Moore,R,,Democrat Darren Parry,Republican Blake Moore,A Democratic Candidate,1,Democrat Darren Parry,0,,,,,,,,,A Republican Candidate,0.2,Republican Blake Moore,0.7,Republican Tina Cannon,0.1,,,,,,,,,,
UT_002,house,Republican Chris Stewart,R,,Democrat Nicholas Mitchell,Republican Chris Stewart,A Democratic Candidate,0.8,Democrat Nicholas Mitchell,0.2,,,,,,,,,A Republican Candidate,0.2,Republican Chris Stewart,0.8,,,,,,,,,,,,
UT_003,house,Republican John Curtis,R,,Democrat Devin Thorpe,Republican John Curtis,A Democratic Candidate,1,Democrat Devin Thorpe,0,,,,,,,,,A Republican Candidate,0.2,Republican John Curtis,0.8,,,,,,,,,,,,
UT_004,house,Republican Burgess Owens,R,,Democrat Ben McAdams,Republican Burgess Owens,A Democratic Candidate,0.5,Democrat Ben McAdams,0.5,,,,,,,,,A Republican Candidate,0.2,Republican Burgess Owens,0.8,,,,,,,,,,,,
VA_001,house,Republican Robert Wittman,R,,Democrat Stewart Navarre,Republican Robert Wittman,A Democratic Candidate,0.8,Democrat Stewart Navarre,0.2,,,,,,,,,A Republican Candidate,0.2,Republican Robert Wittman,0.8,,,,,,,,,,,,
VA_002,house,Democrat Elaine Luria,D,,Democrat Elaine Luria,Republican Jen Kiggans,A Democratic Candidate,0.2,Democrat Elaine Luria,0.8,,,,,,,,,A Republican Candidate,0.3,Republican Jen Kiggans,0.5,Republican Jarome Bell,0.2,,,,,,,,,,
VA_003,house,Democrat Bobby Scott,D,,Democrat Bobby Scott,Republican Theodore Engquist,A Democratic Candidate,0.2,Democrat Bobby Scott,0.8,,,,,,,,,A Republican Candidate,0.8,Republican Theodore Engquist,0.2,,,,,,,,,,,,
VA_004,house,Democrat A. McEachin,D,,Democrat A. McEachin,Republican Leon Benjamin,A Democratic Candidate,0.2,Democrat A. McEachin,0.8,,,,,,,,,A Republican Candidate,0.8,Republican Leon Benjamin,0.2,,,,,,,,,,,,
VA_005,house,Republican Bob Good,R,,Democrat Lewis Combs,Republican Bob Good,A Democratic Candidate,0.6,Democrat Lewis Combs,0.2,Democrat Andy Parker,0.2,,,,,,,A Republican Candidate,0.2,Republican Bob Good,0.8,,,,,,,,,,,,
VA_006,house,Republican Ben Cline,R,,Democrat Jennifer Lewis,Republican Ben Cline,A Democratic Candidate,0.8,Democrat Jennifer Lewis,0.2,,,,,,,,,A Republican Candidate,0.2,Republican Ben Cline,0.8,,,,,,,,,,,,
VA_007,house,Democrat Abigail Spanberger,D,,Democrat Abigail Spanberger,Republican Tina Ramirez,A Democratic Candidate,0.2,Democrat Abigail Spanberger,0.8,,,,,,,,,A Republican Candidate,0.5,Republican Tina Ramirez,0.2,Republican Bryce Reeves,0.2,Republican Derrick Anderson,0.1,,,,,,,,
VA_008,house,Democrat Donald Beyer,D,,Democrat Donald Beyer,Republican Heerak Christian Kim,A Democratic Candidate,0.2,Democrat Donald Beyer,0.8,,,,,,,,,A Republican Candidate,0.8,Republican Heerak Christian Kim,0.2,,,,,,,,,,,,
VA_009,house,Republican H. Griffith,R,,Democrat Cameron Dickerson,Republican H. Griffith,A Democratic Candidate,0.8,Democrat Cameron Dickerson,0.2,,,,,,,,,A Republican Candidate,0.2,Republican H. Griffith,0.8,,,,,,,,,,,,
VA_010,house,Democrat Jennifer Wexton,D,,Democrat Jennifer Wexton,Republican Jeanine Lawson,A Democratic Candidate,0.2,Democrat Jennifer Wexton,0.8,,,,,,,,,A Republican Candidate,0.6,Republican Jeanine Lawson,0.2,Republican Caleb Max,0.2,,,,,,,,,,
VA_011,house,Democrat Gerald Connolly,D,,Democrat Gerald Connolly,Republican Manga Anantatmula,A Democratic Candidate,0.2,Democrat Gerald Connolly,0.8,,,,,,,,,A Republican Candidate,0.8,Republican Manga Anantatmula,0.2,,,,,,,,,,,,
VT_001,house,Democrat Peter Welch,D,1,Democrat Molly Gray,Republican Ericka Redic,A Democratic Candidate,0.2,Democrat Molly Gray,0.4,Democrat Kesha Ram Hinsdale,0.3,Democrat Becca Balint,0.1,,,,,A Republican Candidate,0.8,Republican Ericka Redic,0.2,,,,,,,,,,,,
WA_001,house,Democrat Suzan DelBene,D,,Democrat Suzan DelBene,Republican Vincent Cavaleri,A Democratic Candidate,0.2,Democrat Suzan DelBene,0.8,,,,,,,,,A Republican Candidate,0.8,Republican Vincent Cavaleri,0.2,,,,,,,,,,,,
WA_002,house,Democrat Rick Larsen,D,,Democrat Rick Larsen,Republican Leif Johnson,A Democratic Candidate,0.2,Democrat Rick Larsen,0.8,,,,,,,,,A Republican Candidate,0.8,Republican Leif Johnson,0.2,,,,,,,,,,,,
WA_003,house,Republican Jaime Herrera Beutler,R,,Democrat Brent Hennrich,Republican Jaime Herrera Beutler,A Democratic Candidate,0.8,Democrat Brent Hennrich,0.2,,,,,,,,,A Republican Candidate,0.15,Republican Jaime Herrera Beutler,0.45,Republican Heidi St. John,0.05,Republican Joe Kent,0.1,Republican Vicki Kraft,0.25,,,,,,
WA_004,house,Republican Dan Newhouse,R,,Democrat Doug White,Republican Dan Newhouse,A Democratic Candidate,0.8,Democrat Doug White,0.2,,,,,,,,,A Republican Candidate,0.2,Republican Dan Newhouse,0.6,Republican Loren Culp,0.2,,,,,,,,,,
WA_005,house,Republican Cathy Rodgers,R,,Democrat Ann Danimus,Republican Cathy Rodgers,A Democratic Candidate,0.8,Democrat Ann Danimus,0.2,,,,,,,,,A Republican Candidate,0.2,Republican Cathy Rodgers,0.8,,,,,,,,,,,,
WA_006,house,Democrat Derek Kilmer,D,,Democrat Derek Kilmer,Republican Elizabeth Kreiselmaier,A Democratic Candidate,0.2,Democrat Derek Kilmer,0.8,,,,,,,,,A Republican Candidate,0.8,Republican Elizabeth Kreiselmaier,0.2,,,,,,,,,,,,
WA_007,house,Democrat Pramila Jayapal,D,,Democrat Pramila Jayapal,Republican Paul Glumaz,A Democratic Candidate,0.2,Democrat Pramila Jayapal,0.8,,,,,,,,,A Republican Candidate,0.8,Republican Paul Glumaz,0.2,,,,,,,,,,,,
WA_008,house,Democrat Kim Schrier,D,,Democrat Kim Schrier,Republican Matt Larkin,A Democratic Candidate,0.2,Democrat Kim Schrier,0.8,,,,,,,,,A Republican Candidate,0.6,Republican Matt Larkin,0.2,Republican Jesse Jensen,0.2,,,,,,,,,,
WA_009,house,Democrat Adam Smith,D,,Democrat Adam Smith,Republican Douglas Basler,A Democratic Candidate,0.2,Democrat Adam Smith,0.8,,,,,,,,,A Republican Candidate,0.8,Republican Douglas Basler,0.2,,,,,,,,,,,,
WA_010,house,Democrat Marilyn Strickland,D,,Democrat Marilyn Strickland,Republican Keith Swank,A Democratic Candidate,0.2,Democrat Marilyn Strickland,0.8,,,,,,,,,A Republican Candidate,0.8,Republican Keith Swank,0.2,,,,,,,,,,,,
WI_001,house,Republican Bryan Steil,R,,Democrat Ann Roe,Republican Bryan Steil,A Democratic Candidate,0.8,Democrat Ann Roe,0.2,,,,,,,,,A Republican Candidate,0.2,Republican Bryan Steil,0.8,,,,,,,,,,,,
WI_002,house,Democrat Mark Pocan,D,,Democrat Mark Pocan,Republican Charity Barry,A Democratic Candidate,0.2,Democrat Mark Pocan,0.8,,,,,,,,,A Republican Candidate,0.8,Republican Charity Barry,0.2,,,,,,,,,,,,
WI_003,house,Democrat Ron Kind,D,1,Democrat Brad Pfaff,Republican Derrick Van Orden,A Democratic Candidate,0.25,Democrat Brad Pfaff,0.5,Democrat Jennifer Shilling,0.05,Democrat Kathleen Vinehout,0.05,Democrat Steve Doyle,0.05,Democrat Rebecca Cooke,0.1,A Republican Candidate,0.6,Republican Derrick Van Orden,0.4,,,,,,,,,,,,
WI_004,house,Democrat Gwen Moore,D,,Democrat Gwen Moore,Republican Tim Rogers,A Democratic Candidate,0.2,Democrat Gwen Moore,0.8,,,,,,,,,A Republican Candidate,1,Republican Tim Rogers,0,,,,,,,,,,,,
WI_005,house,Republican Scott Fitzgerald,R,,Democrat Mike Van Someren,Republican Scott Fitzgerald,A Democratic Candidate,0.8,Democrat Mike Van Someren,0.2,,,,,,,,,A Republican Candidate,0.2,Republican Scott Fitzgerald,0.8,,,,,,,,,,,,
WI_006,house,Republican Glenn Grothman,R,,Democrat Amy Washburn,Republican Glenn Grothman,A Democratic Candidate,0.8,Democrat Amy Washburn,0.2,,,,,,,,,A Republican Candidate,0.2,Republican Glenn Grothman,0.8,,,,,,,,,,,,
WI_007,house,Republican Thomas Tiffany,R,,Democrat Tricia Zunker,Republican Thomas Tiffany,A Democratic Candidate,1,Democrat Tricia Zunker,0,,,,,,,,,A Republican Candidate,0.2,Republican Thomas Tiffany,0.8,,,,,,,,,,,,
WI_008,house,Republican Mike Gallagher,R,,Democrat Amanda Stuck,Republican Mike Gallagher,A Democratic Candidate,1,Democrat Amanda Stuck,0,,,,,,,,,A Republican Candidate,0.2,Republican Mike Gallagher,0.8,,,,,,,,,,,,
WV_001,house,Republican Carol Miller,R,,Democrat Lucy Watson,Republican Carol Miller,A Democratic Candidate,0,Democrat Lucy Watson,1,,,,,,,,,A Republican Candidate,0,Republican Carol Miller,1,,,,,,,,,,,,
WV_002,house,Republican David McKinley,R,,Democrat Barry Wendell,Republican Alex Mooney,A Democratic Candidate,0,Democrat Barry Wendell,1,,,,,,,,,A Republican Candidate,0,Republican Alex Mooney,1,,,,,,,,,,,,
WY_001,house,Republican Liz Cheney,R,,Democrat Lynnette Grey Bull,Republican Liz Cheney,A Democratic Candidate,1,Democrat Lynnette Grey Bull,0,,,,,,,,,A Republican Candidate,0.1,Republican Liz Cheney,0.45,Republican Harriet Hageman,0.45,,,,,,,,,,
